"pluginName","refId","sanitizedEnglishKey"
"018Auri.esp","3139C8","auri"
"0Kaidan.esp","002F9C","kaidan"
"3DNPC.esp","0028C4","hagravi_gray-wave"
"3DNPC.esp","002911","dar_rakki"
"3DNPC.esp","005A03","viranya"
"3DNPC.esp","006A48","sadrin_rolo"
"3DNPC.esp","009076","rongeir_ice-eye"
"3DNPC.esp","009077","shelur_ice-eye"
"3DNPC.esp","0095DC","jeerah-nur"
"3DNPC.esp","00D6F1","glathriel"
"3DNPC.esp","0118C7","moris"
"3DNPC.esp","0149DB","al_hassan"
"3DNPC.esp","017B4D","orondil"
"3DNPC.esp","01861F","fjona_s_familiar"
"3DNPC.esp","01914F","salty-throat"
"3DNPC.esp","01A7B4","melea_entius"
"3DNPC.esp","01B291","henrietta_entius"
"3DNPC.esp","01B800","duraz"
"3DNPC.esp","01DE4F","carmella"
"3DNPC.esp","0209F8","berg"
"3DNPC.esp","020FEA","larkspur"
"3DNPC.esp","023B73","okapi"
"3DNPC.esp","024C09","godrod"
"3DNPC.esp","025754","jaspar_gaerston"
"3DNPC.esp","02629B","iria"
"3DNPC.esp","027E01","rinori_imaryn"
"3DNPC.esp","0294C5","anum-la_the_swamp_knight"
"3DNPC.esp","02B044","clario_moorsley"
"3DNPC.esp","02BB74","jade"
"3DNPC.esp","02D6E7","gorr"
"3DNPC.esp","02E212","eldar"
"3DNPC.esp","0312A6","eleanor"
"3DNPC.esp","031DF9","zarlak"
"3DNPC.esp","0323BC","dagri_lon"
"3DNPC.esp","034F5A","gromash"
"3DNPC.esp","036AD4","olivia_meronin"
"3DNPC.esp","03C873","ingarte"
"3DNPC.esp","03E912","vahlokmir"
"3DNPC.esp","03E91C","lleyara"
"3DNPC.esp","041F62","jerulith"
"3DNPC.esp","042FF3","qa_dojo"
"3DNPC.esp","045B6C","callen"
"3DNPC.esp","04AD2D","relic"
"3DNPC.esp","04C825","fironet"
"3DNPC.esp","04F8F5","vigram"
"3DNPC.esp","050F2A","nitter"
"3DNPC.esp","052FEA","hjoromir"
"3DNPC.esp","053B2C","sonja"
"3DNPC.esp","053B9E","iris_the_elder"
"3DNPC.esp","054160","s_vashni"
"3DNPC.esp","0562AC","jolene"
"3DNPC.esp","058383","wander-lust"
"3DNPC.esp","059478","leifan"
"3DNPC.esp","059F9C","orenius"
"3DNPC.esp","05D600","gwyvane"
"3DNPC.esp","05F77E","beatrice"
"3DNPC.esp","05F782","urzub"
"3DNPC.esp","061E71","ureni"
"3DNPC.esp","06245B","asteria"
"3DNPC.esp","064525","frik"
"3DNPC.esp","06608A","griffith"
"3DNPC.esp","06608B","morrigan"
"3DNPC.esp","0671F4","two-tails"
"3DNPC.esp","06D979","haakon_iron-fist"
"3DNPC.esp","06EA09","peragorn"
"3DNPC.esp","070B7F","morviah_hlaalu"
"3DNPC.esp","0710E8","batheru"
"3DNPC.esp","0737B5","gilsi"
"3DNPC.esp","07530C","gerrod"
"3DNPC.esp","075E20","averna"
"3DNPC.esp","077EF4","eldawyn"
"3DNPC.esp","078F5A","tellevi"
"3DNPC.esp","07A01A","nythriel"
"3DNPC.esp","07A021","tikrid"
"3DNPC.esp","0817C1","fareloth"
"3DNPC.esp","087923","thorolf"
"3DNPC.esp","08850C","iorel"
"3DNPC.esp","088FEC","gnives"
"3DNPC.esp","08B601","yseld"
"3DNPC.esp","08C67A","ynvar"
"3DNPC.esp","094E09","skjarn"
"3DNPC.esp","096951","fjona"
"3DNPC.esp","0A1736","among-the-hist"
"3DNPC.esp","0A3D52","veralene"
"3DNPC.esp","0AB6EC","rumarin"
"3DNPC.esp","0B34E5","lundvar"
"3DNPC.esp","0B50A3","sylphiron"
"3DNPC.esp","0B71D5","edwayne"
"3DNPC.esp","0BBEF9","morndas"
"3DNPC.esp","0BE598","valgus"
"3DNPC.esp","0C2D79","brakh"
"3DNPC.esp","0C63ED","mugnor"
"3DNPC.esp","0C9540","k_avald"
"3DNPC.esp","0CDC5F","y_tharil"
"3DNPC.esp","0CDC76","fjord"
"3DNPC.esp","0D0DAC","dirassi"
"3DNPC.esp","0DA1EC","erevan"
"3DNPC.esp","0DC322","isobel"
"3DNPC.esp","0E5BD6","garthe"
"3DNPC.esp","0E5BD8","kalstar"
"3DNPC.esp","0EF4A8","zora_fair-child"
"3DNPC.esp","0F50B9","raynes"
"3DNPC.esp","0F6C5A","norgrof_oak-heart"
"3DNPC.esp","109E5E","valla"
"3DNPC.esp","11365D","dravos"
"3DNPC.esp","118770","kianna"
"3DNPC.esp","119DA7","zajhirra"
"3DNPC.esp","11D461","yushari"
"3DNPC.esp","12587B","lyrik"
"3DNPC.esp","127983","olette"
"3DNPC.esp","12C01A","nelos"
"3DNPC.esp","12F18F","vinnius"
"3DNPC.esp","133CBC","felena"
"3DNPC.esp","135814","offryn"
"3DNPC.esp","1362F0","helsig"
"3DNPC.esp","1408D8","flin_horstad"
"3DNPC.esp","1413DF","bodan"
"3DNPC.esp","142A90","dalum-ei"
"3DNPC.esp","14880E","marigoth"
"3DNPC.esp","149F07","joselyn"
"3DNPC.esp","1522A1","vaughn"
"3DNPC.esp","15388A","amalee"
"3DNPC.esp","155ED2","puck"
"3DNPC.esp","155ED5","elenthil"
"3DNPC.esp","15A1BF","devran"
"3DNPC.esp","1626C7","kjoli"
"3DNPC.esp","1626C9","inari"
"3DNPC.esp","175A55","valenor"
"3DNPC.esp","178150","ignatius"
"3DNPC.esp","17DC3C","rinori_imaryn"
"3DNPC.esp","182E3E","hiram"
"3DNPC.esp","1833EF","kynesgrove_farmer"
"3DNPC.esp","185B21","alendriel"
"3DNPC.esp","18A9C4","vartheim"
"3DNPC.esp","18A9C5","benild"
"3DNPC.esp","18A9D3","pelgurt"
"3DNPC.esp","18BAC0","aldi"
"3DNPC.esp","18C04E","efram"
"3DNPC.esp","18D668","camaron"
"3DNPC.esp","19100B","theron"
"3DNPC.esp","196D7A","helcyon"
"3DNPC.esp","1AE09E","yarbrough"
"3DNPC.esp","1B0827","spirit_wolf"
"3DNPC.esp","1C88D8","juryk"
"3DNPC.esp","1CD225","misha"
"3DNPC.esp","1D0954","frodmar"
"3DNPC.esp","1D0961","bette"
"3DNPC.esp","1D4D49","gancielo"
"3DNPC.esp","1D4DE3","soren"
"3DNPC.esp","1D53B4","lorne"
"3DNPC.esp","1D7A90","darksteel_agent_-_male_nord"
"3DNPC.esp","1D7A91","darksteel_agent_-_female_dumer"
"3DNPC.esp","1D7A95","darksteel_watcher"
"3DNPC.esp","1D8030","deceased_darksteel_agent"
"3DNPC.esp","1DA7F6","nasrin"
"3DNPC.esp","1DB872","ironheart_cave_wench"
"3DNPC.esp","1DC629","elise"
"3DNPC.esp","1DC62B","ironheart_cave_wench"
"3DNPC.esp","1DC630","brother_renmar"
"3DNPC.esp","1DC63C","hrokkar"
"3DNPC.esp","1DC63F","redguard_henchman"
"3DNPC.esp","1DC655","ironheart_cave_bouncer"
"3DNPC.esp","1DC73B","ironheart_cave_wench"
"3DNPC.esp","1DCD32","nord_henchman"
"3DNPC.esp","1E03C5","miros"
"3DNPC.esp","1E0940","deceased_darksteel_agent"
"3DNPC.esp","1E0EC7","parellius"
"3DNPC.esp","1E1434","ironheart_cave_patron"
"3DNPC.esp","1E1436","ironheart_cave_patron"
"3DNPC.esp","1E1438","ironheart_cave_barkeep"
"3DNPC.esp","1E2A13","deirdre"
"3DNPC.esp","1E7BE9","reunald"
"3DNPC.esp","1E9787","krillo"
"3DNPC.esp","1E9D27","amicus"
"3DNPC.esp","1EC45E","sahlene"
"3DNPC.esp","1F141A","roggstad"
"3DNPC.esp","1F141B","grenier"
"3DNPC.esp","1F1422","bettany"
"3DNPC.esp","1F2A56","ange_the_song-bearer"
"3DNPC.esp","1F4101","erwen"
"3DNPC.esp","1F6F5C","ortheim"
"3DNPC.esp","1F8A9F","alassea"
"3DNPC.esp","1FAC80","whig"
"3DNPC.esp","1FACA7","fig"
"3DNPC.esp","1FB824","jaysen"
"3DNPC.esp","1FB84A","lamki"
"3DNPC.esp","1FC324","robber_s_refuge_wench"
"3DNPC.esp","1FC35E","maren"
"3DNPC.esp","1FC360","sven"
"3DNPC.esp","1FC363","kjen"
"3DNPC.esp","1FEC67","fontaine"
"3DNPC.esp","2049BC","deneris"
"3DNPC.esp","204F2B","rosalind"
"3DNPC.esp","205A5F","jorrvid"
"3DNPC.esp","208BE8","shack_alchemist"
"3DNPC.esp","20CDA2","jeniele"
"3DNPC.esp","2115FB","jilkmar"
"3DNPC.esp","21F4E9","ignar_the_lucky"
"3DNPC.esp","22389C","fa_nar"
"3DNPC.esp","224475","valencia"
"3DNPC.esp","22601D","vawkes"
"3DNPC.esp","2EC56E","darcy"
"3DNPC.esp","229798","yggleif"
"3DNPC.esp","229D09","kyra"
"3DNPC.esp","229D0A","mowgrol"
"3DNPC.esp","229D0C","ises"
"3DNPC.esp","22B8B1","caylene"
"3DNPC.esp","22DA80","bilbus"
"3DNPC.esp","238529","sixby"
"3DNPC.esp","23D690","cassock"
"3DNPC.esp","24CAE9","herran"
"3DNPC.esp","24D4A0","cassius"
"3DNPC.esp","24D4A2","asgeld"
"3DNPC.esp","2500BF","foromir"
"3DNPC.esp","25EAB8","meresine"
"3DNPC.esp","267942","mannequin"
"3DNPC.esp","272F80","halcar"
"3DNPC.esp","27404D","daenlyn_oakhollow"
"3DNPC.esp","27E07B","arghus"
"3DNPC.esp","27E613","carah_swift-wind"
"3DNPC.esp","280256","thrice-bitten"
"3DNPC.esp","28488B","froa"
"3DNPC.esp","28488C","arilwaen"
"3DNPC.esp","2848DC","telthar"
"3DNPC.esp","28C7EF","torveld"
"3DNPC.esp","28C7F1","geel-jah"
"3DNPC.esp","28D39F","ogdul"
"3DNPC.esp","29D172","azzarian"
"3DNPC.esp","2A08AF","ylgyne"
"3DNPC.esp","2A24B8","dro_bar"
"3DNPC.esp","2A4C97","tanita"
"3DNPC.esp","2A4C9F","lajjan"
"3DNPC.esp","2BD0BF","korrilan"
"3DNPC.esp","2C8AC6","mithril"
"3DNPC.esp","2CB192","na_ir"
"3DNPC.esp","2CF3CF","nair_s_client"
"3DNPC.esp","2DCF34","fuki"
"3DNPC.esp","2DCF35","feldi"
"3DNPC.esp","2DCF36","vukeera"
"3DNPC.esp","2E35A2","baroness"
"3DNPC.esp","2F38FC","amras"
"3DNPC.esp","305633","arelthor"
"3DNPC.esp","30916C","ariele"
"3DNPC.esp","3796DD","terynne"
"3DNPC.esp","37E8C4","terynne"
"Akomi.esp","000816","akomi"
"AnnaNPCs.esp","068D23","mzetadata"
"AnnaNPCs.esp","0780E0","lyra_nightingale"
"AnnaNPCs.esp","08542F","garrett"
"AnnaNPCs.esp","08D61A","cerise_buonorecchi"
"AnnaNPCs.esp","0B6669","van_lorelei"
"AnnaNPCs.esp","10BEED","anduniel"
"AnnaNPCs.esp","10C2D4","valla"
"AnnaNPCs.esp","10C2D8","tyrion"
"AnnaNPCs.esp","10C9EA","tatiyana"
"AnnaNPCs.esp","10D68E","malai_a"
"AnnaNPCs.esp","10D80B","patrizia"
"AnnaNPCs.esp","10E503","darion_fleetfoot"
"AnnaNPCs.esp","10E60A","teryn_meru"
"AnnaNPCs.esp","10EF43","mareen_nightthorn"
"AnnaNPCs.esp","10F063","knight_elyndra"
"AnnaNPCs.esp","10F336","nadina"
"AnnaNPCs.esp","10F75E","gizelle"
"AnnaNPCs.esp","10F931","giulio"
"AnnaNPCs.esp","110403","zorya"
"AnnaNPCs.esp","1104FE","valyen"
"Apachii_DivineEleganceStore.esm","004EB3","saga"
"Apachii_DivineEleganceStore.esm","005C49","freja"
"Apachii_DivineEleganceStore.esm","007214","loki"
"AsharaErinFollower.esp","00639A","erin"
"AsharaErinFollower.esp","009423","sienna_flavia"
"AsharaErinFollower.esp","00D4D7","rowan"
"AsharaErinFollower.esp","00D4D8","anja"
"AsharaErinFollower.esp","0125A5","amarie"
"AsharaErinFollower.esp","014614","sigrid"
"BSHeartland.esm","001110","hulgard"
"BSHeartland.esm","001F23","pelena_malumea"
"BSHeartland.esm","001F24","ertius_malumea"
"BSHeartland.esm","001F25","aebond_malumea"
"BSHeartland.esm","001FD5","cindaia_malumea"
"BSHeartland.esm","001FD6","gergus_malumea"
"BSHeartland.esm","00205C","benuni_alfena"
"BSHeartland.esm","002D70","harald_burdsson"
"BSHeartland.esm","002EA0","neldam_beloth"
"BSHeartland.esm","002F1D","banus_jucani"
"BSHeartland.esm","002F1F","eddvia_jucani"
"BSHeartland.esm","002F21","ruccia_jucani"
"BSHeartland.esm","002F23","albecius_jucani"
"BSHeartland.esm","003A30","ellina_iron-heart"
"BSHeartland.esm","003A31","sellus_prelius"
"BSHeartland.esm","003A32","lassinia_iron-heart"
"BSHeartland.esm","003A3F","stenar_ceno"
"BSHeartland.esm","003A44","hjotra_faleria"
"BSHeartland.esm","003A46","stantus_faleria"
"BSHeartland.esm","003A4D","galarynn"
"BSHeartland.esm","003A4E","botram_the_hammer"
"BSHeartland.esm","003A52","cedus_perusius"
"BSHeartland.esm","065063","svenja_strong-arm"
"BSHeartland.esm","065066","serulius_the_stagnant_65066"
"BSHeartland.esm","065083","reln-tei_65083"
"BSHeartland.esm","06509E","gryfard_peton"
"BSHeartland.esm","0650A5","renod_even-toned"
"BSHeartland.esm","0650C9","bentior"
"BSHeartland.esm","065115","ila_the_upright"
"BSHeartland.esm","06517C","ralgar_silver-plow"
"BSHeartland.esm","06517D","felki_silver-plow"
"BSHeartland.esm","0651A6","razzada_the_resplendent"
"BSHeartland.esm","0651B6","dumrag_gro-morrg"
"BSHeartland.esm","066B35","afer_famalius"
"BSHeartland.esm","066B36","rona_famalius"
"BSHeartland.esm","06784F","grushnag_gro-arkul"
"BSHeartland.esm","067869","ambric"
"BSHeartland.esm","06786B","crouches-in-crevices"
"BSHeartland.esm","067B57","fadel"
"BSHeartland.esm","06D95C","ereia_snow-fist"
"BSHeartland.esm","06D95F","garceus_avoci"
"BSHeartland.esm","06D97E","neremus_agrecian"
"BSHeartland.esm","06D97F","harthir"
"BSHeartland.esm","06DB7F","erlus_risula"
"BSHeartland.esm","06DF26","rilja_stone-hearth"
"BSHeartland.esm","06DF2A","ananril"
"BSHeartland.esm","06F93E","mucky_ovacca"
"BSHeartland.esm","06F9A7","avar"
"BSHeartland.esm","06F9B9","alina"
"BSHeartland.esm","0700F2","elintius_rentilia"
"BSHeartland.esm","0700F3","roland_wickhart"
"BSHeartland.esm","0700F5","urma_gra-shazur"
"BSHeartland.esm","0700F6","farsvar"
"BSHeartland.esm","0700F9","bolar_gratius"
"BSHeartland.esm","070121","adius_vilius"
"BSHeartland.esm","073C29","herbalist"
"BSHeartland.esm","074580","eranir"
"BSHeartland.esm","074581","ionalla_dark-heart"
"BSHeartland.esm","074589","count_desilus_carvain"
"BSHeartland.esm","07458A","armion"
"BSHeartland.esm","07458B","thalmor_adjutant"
"BSHeartland.esm","07458C","rignar"
"BSHeartland.esm","07458D","viscount_marcius_carvain"
"BSHeartland.esm","07459B","dar_taqto"
"BSHeartland.esm","07459C","alammu_nethre"
"BSHeartland.esm","07815D","edwarin"
"BSHeartland.esm","07815E","blind_balius"
"BSHeartland.esm","07815F","leo"
"BSHeartland.esm","078160","legate_arilus_quenti"
"BSHeartland.esm","078161","tedral_mendrin"
"BSHeartland.esm","07C9CE","kalimbria"
"BSHeartland.esm","07C9D2","astor_astentius"
"BSHeartland.esm","07C9D5","encarnus"
"BSHeartland.esm","07CAD1","bathes-in-murky-waters"
"BSHeartland.esm","07F00F","cerendil"
"BSHeartland.esm","085A43","ravil_fandrani"
"BSHeartland.esm","08ACB5","legate_precilius_varro"
"BSHeartland.esm","08ACC4","bjarni_shatter-stone"
"BSHeartland.esm","08AE7E","simund_gautierre"
"BSHeartland.esm","08AE7F","sinja_strong-mind"
"BSHeartland.esm","08AE81","afanna_eddici"
"BSHeartland.esm","09478F","alavva_venucius"
"BSHeartland.esm","0B4495","fort_pale_pass_quartermaster"
"BSHeartland.esm","0B44A4","jailer"
"BSHeartland.esm","0B5505","cadius_venucius"
"BSHeartland.esm","0C88A0","gautierre_manor_guard"
"BSHeartland.esm","0C88A2","gautierre_manor_guard"
"BSHeartland.esm","0C9B19","legate_centos_durius"
"BSHeartland.esm","0C9B3E","mirich_ran"
"BSHeartland.esm","0C9C22","servus_vodaci"
"BSHeartland.esm","0C9C25","olaf_cold-heart"
"BSHeartland.esm","0C9C49","ungveir"
"BSHeartland.esm","0CC049","aera_the_devout"
"BSHeartland.esm","0CC04A","crecius_rodlin"
"BSHeartland.esm","0CC04B","ulgruff_chill-wind"
"BSHeartland.esm","0D3821","atienne_guilette"
"BSHeartland.esm","0D515A","harran_iron-heart"
"BSHeartland.esm","0D5459","corvon"
"BSHeartland.esm","0D5464","raaslan"
"BSHeartland.esm","0D5686","thorina"
"BSHeartland.esm","0D568C","snipes-many-innocents"
"BSHeartland.esm","0D568D","enchanter_brecius"
"BUVARP SE RE.esp","12034A","kilthinius_dandoril"
"BecomeKingofSkyrimTNG.esp","04A539","ambassador_al-salhad"
"BecomeKingofSkyrimTNG.esp","04A53A","ambassador_cassian"
"BecomeKingofSkyrimTNG.esp","04A53B","ambassador_leafshade"
"BecomeKingofSkyrimTNG.esp","04A53C","ambassador_salmus"
"BecomeKingofSkyrimTNG.esp","04A53D","ambassador_sevren"
"BecomeKingofSkyrimTNG.esp","04A53E","ambassador_valandor"
"BecomeKingofSkyrimTNG.esp","04A53F","ambassador_vaudren"
"BecomeKingofSkyrimTNG.esp","04A540","ambassador_za_rashi"
"BecomeKingofSkyrimTNG.esp","04B459","uramul"
"BecomeKingofSkyrimTNG.esp","04D508","neesei"
"BecomeKingofSkyrimTNG.esp","04D50C","tsabhi"
"BecomeKingofSkyrimTNG.esp","058DCC","artmoor_the_bard"
"BecomeKingofSkyrimTNG.esp","058DCF","sonya_the_bard"
"BecomeKingofSkyrimTNG.esp","059E3A","ysse_the_bard"
"BecomeKingofSkyrimTNG.esp","05A3D0","reobar_the_bard"
"BecomeKingofSkyrimTNG.esp","05DE9D","astrelle_the_bard"
"BecomeKingofSkyrimTNG.esp","06E858","haakhor"
"BecomeKingofSkyrimTNG.esp","0E3AD8","bagamu_gar"
"BecomeKingofSkyrimTNG.esp","0FD109","thenius_marbrand"
"BecomeKingofSkyrimTNG.esp","10B23E","kalel_the_black_fox"
"BecomeKingofSkyrimTNG.esp","10B23F","eldis"
"BecomeKingofSkyrimTNG.esp","10B240","veldar_duskstrider"
"BecomeKingofSkyrimTNG.esp","181FDC","hadrian_quintus"
"BecomeKingofSkyrimTNG.esp","181FFB","lairah"
"BecomeKingofSkyrimTNG.esp","1DA9B9","brother_arthorian"
"BecomeKingofSkyrimTNG.esp","1EC367","surgus_of_the_black"
"BecomeKingofSkyrimTNG.esp","3A81E6","thaldrin_marrow-quill"
"BecomeKingofSkyrimTNG.esp","3F00EB","nyra_senvale"
"BecomeKingofSkyrimTNG.esp","4140D4","braste"
"BecomeKingofSkyrimTNG.esp","4140D5","hulgar"
"BecomeKingofSkyrimTNG.esp","4140D7","sifkning"
"BecomeKingofSkyrimTNG.esp","4140D8","ram-ku"
"BecomeKingofSkyrimTNG.esp","4140DB","ri_dat"
"BecomeKingofSkyrimTNG.esp","419302","cassia_virelli"
"BecomeKingofSkyrimTNG.esp","46B6D8","ghorlak_stonefist"
"BecomeKingofSkyrimTNG.esp","4A91BC","zathra_nightfire"
"BecomeKingofSkyrimTNG.esp","4CD09A","ylfa_grimhart"
"BecomeKingofSkyrimTNG.esp","4DC6D2","ogrun_steelvein"
"BecomeKingofSkyrimTNG.esp","4FB397","calveera_valenne"
"BecomeKingofSkyrimTNG.esp","529BC4","aranga"
"BecomeKingofSkyrimTNG.esp","529BC8","balfhe"
"BecomeKingofSkyrimTNG.esp","529BCC","elberond"
"BecomeKingofSkyrimTNG.esp","529BCE","indreth"
"BecomeKingofSkyrimTNG.esp","529BD0","haema"
"BecomeKingofSkyrimTNG.esp","529BD1","murob"
"BecomeKingofSkyrimTNG.esp","529BD2","sorink"
"BeyondSkyrimMerchant.esp","0055AD","cardana_pallo"
"Bosmer.esp","0002E6","irina"
"Bosmer.esp","0002E7","jai"
"Bosmer.esp","0002FB","niriel"
"CFTO.esp","00AA0C","radding"
"CFTO.esp","00FB29","heirmir"
"CFTO.esp","02E1E7","rinlen"
"CFTO.esp","0BBF8E","wilhod"
"CFTO.esp","0BBF90","tulinn"
"CFTO.esp","0BBF91","berud"
"CFTO.esp","153F0C","jollsen"
"CFTO.esp","2D4C0A","rolf"
"CSV_Vayne.esp","009806","vayne"
"CandyJV.esp","000D6A","candy"
"Chronicon Follower Pack I.esp","000839","cornelia"
"Chronicon Follower Pack I.esp","00083A","berenguela"
"Chronicon Follower Pack I.esp","00083B","natsumi"
"Chronicon Follower Pack I.esp","00083C","naoki"
"Chronicon Follower Pack I.esp","00083D","eestla"
"Chronicon Follower Pack I.esp","00083E","vivika"
"Chronicon Follower Pack I.esp","00083F","ki"
"Chronicon Follower Pack I.esp","000840","laurence"
"Chronicon Follower Pack I.esp","000842","nami"
"Chronicon Follower Pack I.esp","000843","yuuko"
"Chronicon Follower Pack I.esp","000844","chinatsu"
"Chronicon Follower Pack I.esp","000846","ruka"
"Chronicon Follower Pack I.esp","000847","aya"
"Chronicon Follower Pack I.esp","000848","soma"
"Chronicon Follower Pack I.esp","000849","baldarich"
"Chronicon Follower Pack I.esp","00084A","saho"
"Chronicon Follower Pack I.esp","000933","keisuke"
"Chronicon Follower Pack I.esp","00093C","ioan"
"Chronicon Follower Pack I.esp","000961","zoe"
"Chronicon Follower Pack I.esp","00CDAA","natalia"
"College Of Winterhold - Quest Expansion.esp","000912","gretolde"
"CollegeOfWinterholdImmersive.esp","58871F","sleeps-in-blossom"
"DZ08_Melana.esp","000B18","melana_the_maid"
"Dawn of Skyrim.esp","000D98","thadar"
"Dawn of Skyrim.esp","000EF6","casimir"
"Dawn of Skyrim.esp","01AFA8","inga"
"Dawn of Skyrim.esp","02C925","mithllon"
"Dawn of Skyrim.esp","03569C","daynil"
"Dawn of Skyrim.esp","03569D","jeer-tai"
"Dawn of Skyrim.esp","042436","ginerva"
"Dawn of Skyrim.esp","042438","thurlan"
"Dawn of Skyrim.esp","05B816","uthrel"
"Dawn of Skyrim.esp","0F1BDD","akorithi"
"Dawn of Skyrim.esp","0F1BE2","eran"
"Dawn of Skyrim.esp","0F1BE7","listens-to-letters"
"Dawn of Skyrim.esp","0F1D91","nilera"
"Dawn of Skyrim.esp","0F1D9A","hagrad_the_unending"
"Dawn of Skyrim.esp","0F1D9F","berel_othrelas"
"Dawn of Skyrim.esp","0F1EB2","cinia"
"Dawn of Skyrim.esp","0F1EED","ena"
"Dawn of Skyrim.esp","0F2279","gilen"
"Dawn of Skyrim.esp","0F227E","ferrum"
"Dawnguard.esm","00299E","jolf"
"Dawnguard.esm","002B48","prelate_sidanyis"
"Dawnguard.esm","002B74","serana"
"Dawnguard.esm","0033AA","feran_sadri"
"Dawnguard.esm","0033AB","garan_marethi"
"Dawnguard.esm","0033AC","hestla"
"Dawnguard.esm","0033AD","orthjolf"
"Dawnguard.esm","0033AE","rargal_thrallmaster"
"Dawnguard.esm","0033AF","ronthil"
"Dawnguard.esm","0033B0","salonia_caelia"
"Dawnguard.esm","0033B1","stalf"
"Dawnguard.esm","0033B2","fura_bloodmouth"
"Dawnguard.esm","0033B3","vingalmo"
"Dawnguard.esm","003474","agmaer"
"Dawnguard.esm","003475","sorine_jurard"
"Dawnguard.esm","003476","florentius_baenius"
"Dawnguard.esm","003477","gunmar"
"Dawnguard.esm","003478","isran"
"Dawnguard.esm","003532","vigilant_tolan"
"Dawnguard.esm","003B8E","valerica"
"Dawnguard.esm","003BA8","lord_harkon"
"Dawnguard.esm","006754","katria"
"Dawnguard.esm","006979","galathil"
"Dawnguard.esm","006C13","arch-curate_vyrthur"
"Dawnguard.esm","006D15","malkus"
"Dawnguard.esm","0071F0","morven_stroud"
"Dawnguard.esm","007B88","dexion_evicus"
"Dawnguard.esm","007B89","vanik"
"Dawnguard.esm","008BF5","redwater_den_dealer"
"Dawnguard.esm","008D7B","redwater_skooma_addict"
"Dawnguard.esm","008E1D","redwater_skooma-addicted_nobleman"
"Dawnguard.esm","00A878","knight-paladin_gelebor"
"Dawnguard.esm","00A8AF","prelate_athring"
"Dawnguard.esm","00A8B8","prelate_celegriath"
"Dawnguard.esm","00A8BB","prelate_nirilor"
"Dawnguard.esm","00A8BF","prelate_edhelbor"
"Dawnguard.esm","00FBB8","vigilant_adalvald"
"Dawnguard.esm","00FBF5","lokil"
"Dawnguard.esm","010DE8","tilde"
"Dawnguard.esm","010DE9","vori"
"Dawnguard.esm","010DEA","ollrod"
"Dawnguard.esm","010DF2","mogrul"
"Dawnguard.esm","011E53","modhna"
"Dawnguard.esm","011E54","namasur"
"Dawnguard.esm","013824","minorne"
"Dawnguard.esm","013D14","volk"
"Dawnguard.esm","01401A","jiub"
"Dawnguard.esm","015C14","beleval"
"Dawnguard.esm","015C15","celann"
"Dawnguard.esm","015C16","durak"
"Dawnguard.esm","015C17","ingjard"
"Dawnguard.esm","016853","harlaug"
"Dawnguard.esm","016856","gort"
"Dawnguard.esm","0198B5","barknar"
"Dawnguard.esm","0198B7","alvide"
"Dawnguard.esm","0198B9","jayri"
"Dawnguard.esm","0198F8","sern"
"Dawnguard.esm","01A683","watchman"
"Demon Cat Follower.esp","150807","kitty_misa"
"Dragonborn.esm","0177DA","neloth"
"Dragonborn.esm","0177DB","talvas_fathryon"
"Dragonborn.esm","0177DC","elynea_mothren"
"Dragonborn.esm","0177DE","ulves_romoran"
"Dragonborn.esm","017A0D","frea"
"Dragonborn.esm","017A0E","storn_crag-strider"
"Dragonborn.esm","018109","ralis_sedarys"
"Dragonborn.esm","01827B","crescius_caerellius"
"Dragonborn.esm","01827D","aphia_velothi"
"Dragonborn.esm","01827F","lleril_morvayn"
"Dragonborn.esm","018281","adril_arano"
"Dragonborn.esm","018283","cindiri_arano"
"Dragonborn.esm","018285","vendil_severin"
"Dragonborn.esm","018287","tilisu_severin"
"Dragonborn.esm","018289","mirri_severin"
"Dragonborn.esm","01828B","elder_othreloth"
"Dragonborn.esm","01828D","galdrus_hlervu"
"Dragonborn.esm","01828F","glover_mallory"
"Dragonborn.esm","018291","geldis_sadri"
"Dragonborn.esm","018293","fethis_alor"
"Dragonborn.esm","018295","dreyla_alor"
"Dragonborn.esm","0182A0","garyn_ienth"
"Dragonborn.esm","0182A2","milore_ienth"
"Dragonborn.esm","0182AD","captain_veleth"
"Dragonborn.esm","0182AF","gjalund_salt-sage"
"Dragonborn.esm","01843D","drovas_relvi"
"Dragonborn.esm","018F16","bralsa_drel"
"Dragonborn.esm","018F17","rirns_llervu"
"Dragonborn.esm","018FA1","oslaf"
"Dragonborn.esm","018FA8","deor_woodcutter"
"Dragonborn.esm","018FAC","morwen"
"Dragonborn.esm","018FB2","wulf_wild-blood"
"Dragonborn.esm","018FB8","baldor_iron-shaper"
"Dragonborn.esm","018FBE","yrsa"
"Dragonborn.esm","018FC0","edla"
"Dragonborn.esm","018FC3","nikulas"
"Dragonborn.esm","018FCE","aeta"
"Dragonborn.esm","018FCF","fanari_strong-voice"
"Dragonborn.esm","018FD0","tharstan"
"Dragonborn.esm","019598","slitter"
"Dragonborn.esm","01959B","mogrul"
"Dragonborn.esm","0195B8","redoran_guard"
"Dragonborn.esm","0195B9","redoran_guard"
"Dragonborn.esm","0195BA","redoran_guard"
"Dragonborn.esm","0195BB","redoran_guard"
"Dragonborn.esm","0195BC","redoran_guard"
"Dragonborn.esm","0195BC","redoran_guard"
"Dragonborn.esm","0195BE","redoran_guard"
"Dragonborn.esm","0195BF","redoran_guard"
"Dragonborn.esm","019B87","ildari_sarothril"
"Dragonborn.esm","01A509","riekling_chief"
"Dragonborn.esm","01A512","bujold_the_unworthy"
"Dragonborn.esm","01A516","hilund"
"Dragonborn.esm","01A519","kuvar"
"Dragonborn.esm","01A51B","elmus"
"Dragonborn.esm","01A51D","halbarn_iron-fur"
"Dragonborn.esm","01A57A","general_falx_carius"
"Dragonborn.esm","01CAA5","servos_rendas"
"Dragonborn.esm","01CAD0","vahlok_the_jailor"
"Dragonborn.esm","01E8C7","ancarion"
"Dragonborn.esm","01EEC1","dremora_merchant"
"Dragonborn.esm","01F9C2","majni"
"Dragonborn.esm","01F9C9","rakel"
"Dragonborn.esm","01F9CA","akar"
"Dragonborn.esm","01F9CB","hjordis"
"Dragonborn.esm","01FB99","miraak"
"Dragonborn.esm","01FF27","dremora_butler"
"Dragonborn.esm","020A48","millius"
"Dragonborn.esm","0264BA","saden"
"Dragonborn.esm","02710E","hjalfar"
"Dragonborn.esm","02782A","benkum"
"Dragonborn.esm","02782C","liesl"
"Dragonborn.esm","02782E","palevius_lex"
"Dragonborn.esm","027E43","niyya"
"Dragonborn.esm","02AD3A","esmond_tyne"
"Dragonborn.esm","02C1EA","revus_sarvani"
"Dragonborn.esm","030CC9","ebony_warrior"
"Dragonborn.esm","031861","falas_selvayn"
"Dragonborn.esm","032CE3","ulyn"
"Dragonborn.esm","033D0B","redoran_guard"
"Dragonborn.esm","033D0F","redoran_guard"
"Dragonborn.esm","033D14","redoran_guard"
"Dragonborn.esm","035371","usha"
"Dragonborn.esm","03571E","raleth_eldri"
"Dragonborn.esm","0376F7","lygrleid"
"Dragonborn.esm","0376F8","sogrlaf"
"Dragonborn.esm","038565","teldryn_sero"
"Dragonborn.esm","038969","sirkjorg"
"Dragonborn.esm","03896E","herkja"
"Dragonborn.esm","039D12","evul_seloth"
"Dragonborn.esm","039D15","naris_mavani"
"Dragonborn.esm","039D17","meden_maren"
"Dragonborn.esm","039D19","tolenos_omoren"
"Dragonborn.esm","03B53F","eydis"
"Dragonborn.esm","03CA54","redoran_guard"
"Dragonborn.esm","03CA55","redoran_guard"
"Dragonborn.esm","03CA56","redoran_guard"
"ETaC – Complete.esp","8705CC","othora"
"ETaC – Complete.esp","8705CD","marla"
"ETaC – Complete.esp","87072A","jee-tah"
"ETaC – Complete.esp","87072B","kurz-ei"
"ETaC – Complete.esp","8707FA","savard"
"ETaC – Complete.esp","870881","thane_charlotte"
"ETaC – Complete.esp","870883","thane_valund"
"ETaC – Complete.esp","890029","therron"
"ETaC – Complete.esp","89009B","thane_eirfa_four-shoes"
"ETaC – Complete.esp","890626","hjorik"
"ETaC – Complete.esp","890627","ulla"
"ETaC – Complete.esp","8907C4","lenoril"
"ETaC – Complete.esp","8907C5","candariel"
"ETaC – Complete.esp","8908E0","alday"
"ETaC – Complete.esp","890AA2","lisella"
"ETaC – Complete.esp","890AA3","khafrus"
"ETaC – Complete.esp","890AA7","frieda"
"ETaC – Complete.esp","890AAA","sa_ara"
"ETaC – Complete.esp","890BBF","merrienne"
"ETaC – Complete.esp","890BC0","randrus"
"ETaC – Complete.esp","890D46","bowen"
"ETaC – Complete.esp","890D48","hradi"
"ETaC – Complete.esp","890D4D","gianna_petrus"
"ETaC – Complete.esp","89110D","oorlug"
"ETaC – Complete.esp","9303F5","bothilda"
"ETaC – Complete.esp","930639","janus_mentedius"
"ETaC – Complete.esp","93063F","veresa_mentedius"
"ETaC – Complete.esp","940578","brandulf"
"ETaC – Complete.esp","94057C","isgerdr"
"ETaC – Complete.esp","940580","myrun"
"ETaC – Complete.esp","94065F","rosalie"
"ETaC – Complete.esp","94076C","dynara"
"ETaC – Complete.esp","940827","basil"
"ETaC – Complete.esp","940829","sabir"
"ETaC – Complete.esp","9408FF","veekas"
"ETaC – Complete.esp","940A98","caminda"
"ETaC – Complete.esp","9500AB","erarik"
"ETaC – Complete.esp","9500AC","ilfhild"
"ETaC – Complete.esp","9502D7","hellia"
"ETaC – Complete.esp","960137","willem"
"ETaC – Complete.esp","96013A","ondrisa"
"ETaC – Complete.esp","960147","rikve"
"ETaC – Complete.esp","960154","hagbar"
"ETaC – Complete.esp","9601FE","emelia_celata"
"ETaC – Complete.esp","960395","aenar"
"ETaC – Complete.esp","960396","skjorta"
"ETaC – Complete.esp","9604EB","balag_jo"
"ETaC – Dawnstar.esp","890029","therron"
"ETaC – Dawnstar.esp","89009B","thane_eirfa_four-shoes"
"ETaC – Dawnstar.esp","890626","hjorik"
"ETaC – Dawnstar.esp","890627","ulla"
"ETaC – Dawnstar.esp","8907C4","lenoril"
"ETaC – Dawnstar.esp","8907C5","candariel"
"ETaC – Dawnstar.esp","8908E0","alday"
"ETaC – Dawnstar.esp","890AA2","lisella"
"ETaC – Dawnstar.esp","890AA3","khafrus"
"ETaC – Dawnstar.esp","890AA7","frieda"
"ETaC – Dawnstar.esp","890AAA","sa_ara"
"ETaC – Dawnstar.esp","890BBF","merrienne"
"ETaC – Dawnstar.esp","890BC0","randrus"
"ETaC – Dawnstar.esp","890D46","bowen"
"ETaC – Dawnstar.esp","890D48","hradi"
"ETaC – Dawnstar.esp","890D4D","gianna_petrus"
"ETaC – Dawnstar.esp","89110D","oorlug"
"ETaC – Karthwasten.esp","960137","willem"
"ETaC – Karthwasten.esp","96013A","ondrisa"
"ETaC – Karthwasten.esp","960147","rikve"
"ETaC – Karthwasten.esp","960154","hagbar"
"ETaC – Karthwasten.esp","9601FE","emelia_celata"
"ETaC – Karthwasten.esp","960395","aenar"
"ETaC – Karthwasten.esp","960396","skjorta"
"ETaC – Karthwasten.esp","9604EB","balag_jo"
"ETaC – Kynesgrove.esp","9500AB","erarik"
"ETaC – Kynesgrove.esp","9500AC","ilfhild"
"ETaC – Kynesgrove.esp","9502D7","hellia"
"ETaC – Morthal.esp","8705CC","othora"
"ETaC – Morthal.esp","8705CD","marla"
"ETaC – Morthal.esp","87072A","jee-tah"
"ETaC – Morthal.esp","87072B","kurz-ei"
"ETaC – Morthal.esp","8707FA","savard"
"ETaC – Morthal.esp","870881","thane_charlotte"
"ETaC – Morthal.esp","870883","thane_valund"
"ETaC – Riverwood.esp","940578","brandulf"
"ETaC – Riverwood.esp","94057C","isgerdr"
"ETaC – Riverwood.esp","940580","myrun"
"ETaC – Riverwood.esp","94065F","rosalie"
"ETaC – Riverwood.esp","94076C","dynara"
"ETaC – Riverwood.esp","940827","basil"
"ETaC – Riverwood.esp","940829","sabir"
"ETaC – Riverwood.esp","9408FF","veekas"
"ETaC – Riverwood.esp","940A98","caminda"
"ETaC – Rorikstead.esp","9303F5","bothilda"
"ETaC – Rorikstead.esp","930639","janus_mentedius"
"ETaC – Rorikstead.esp","93063F","veresa_mentedius"
"Environs - Abandoned Abodes.esp","00093A","cyldra"
"Environs - Abandoned Abodes.esp","00093B","rorygg"
"Environs - Abandoned Abodes.esp","00093C","helfhild"
"Environs - Abandoned Abodes.esp","00093D","fron"
"Environs - Abandoned Abodes.esp","000A79","evigna_raven-hand"
"Environs - Abandoned Abodes.esp","000A7A","avald_raven-hand"
"Environs - Abandoned Abodes.esp","000A7B","thjol"
"Environs - Abandoned Abodes.esp","000A7C","sora"
"ErynielElfSSE.esp","01E928","eryniel"
"FloatingSwordFollower.esp","014A4D","daumbra"
"FloatingSwordFollower.esp","0F8DFC","naenra_waerr"
"FloatingSwordFollower.esp","2CC540","telura_atheron"
"FloatingSwordFollower.esp","2CC542","erivase"
"FreyaFollower.esp","0002D7","freya"
"FreyaFollower.esp","0005EE","signe"
"FreyaFollower.esp","000703","hjara"
"GirlsJV.esp","00080B","aurora"
"GirlsJV.esp","00080C","bella"
"GirlsJV.esp","00080D","victoria"
"GirlsJV.esp","000810","alexandra"
"GirlsJV.esp","000811","rachelle"
"GirlsJV.esp","000812","rachel"
"GirlsJV.esp","000813","sarah"
"GirlsJV.esp","000814","isabel"
"GirlsJV.esp","000815","lilly"
"GirlsJV.esp","000816","miranda"
"Harem 2 AIO Armored.esp","0012E0","dominique"
"Harem 2 AIO Armored.esp","001845","irene"
"Harem 2 AIO Armored.esp","001DAA","donatella"
"Harem 2 AIO Armored.esp","002307","federica"
"Harem 2 AIO Armored.esp","002DD7","desdemona"
"Harem 2 AIO Armored.esp","00CCF3","felicia"
"Harem 2 AIO Armored.esp","00CD2B","jamila"
"Harem 2 AIO Armored.esp","00CD3F","jill"
"Harem 2 AIO Armored.esp","00CD54","laura"
"Harem 2 AIO Armored.esp","00CD66","libania"
"Harem 2 AIO Armored.esp","00CD78","linda"
"Harem 2 AIO Armored.esp","00CD86","margot"
"Harem 2 AIO Armored.esp","00CD98","maria"
"Harem 2 AIO Armored.esp","00CDBE","nausicaa"
"Harem 2 AIO Armored.esp","00CDCF","paola"
"Harem 2 AIO Armored.esp","00CDE4","reese"
"Harem 2 AIO Armored.esp","00CE0C","valentina"
"Harem 2 AIO Armored.esp","00CE21","vesta"
"Harem Volume IV.esp","004710","muna"
"Harem Volume IV.esp","005744","asuka"
"Harem Volume IV.esp","006B14","tiziana"
"Harem Volume IV.esp","009F40","elinor"
"Harem Volume IV.esp","00B4CA","patrizia"
"Harem Volume IV.esp","01BCE9","lorenza"
"Harem Volume IV.esp","01BD16","marlen"
"HearthFires.esm","003139","gunjar"
"HearthFires.esm","003F54","blaise"
"HearthFires.esm","003F5E","lucia"
"HearthFires.esm","003F73","alesan"
"HearthFires.esm","004031","sofie"
"HearthFires.esm","005216","rayya"
"HearthFires.esm","00521D","valdimar"
"HearthFires.esm","00521F","gregor"
"HearthFires.esm","00BE0C","engar"
"HearthFires.esm","010FB5","markus"
"HearthFires.esm","018DEB","llewellyn_the_nightingale"
"HearthFires.esm","019632","sonir"
"HearthFires.esm","019633","oriella"
"Helgen Reborn.esp","087158","dianna"
"Helgen Reborn.esp","0CDE51","johan"
"Helgen Reborn.esp","0CDE5C","briana"
"Helgen Reborn.esp","0CDE62","joncis"
"Helgen Reborn.esp","0CDE63","falvis"
"Helgen Reborn.esp","0CDE64","jurgens"
"Helgen Reborn.esp","0CDE65","marsus"
"Helgen Reborn.esp","0CDE67","bartender"
"Immersive Encounters.esp","509790","wrenard_phifer"
"Immersive Encounters.esp","A6459D","evelyna"
"Immersive Encounters.esp","A6459F","roxelle"
"Immersive Encounters.esp","A645A0","beeele"
"Immersive Encounters.esp","A78A29","adderick_bellio"
"Immersive Encounters.esp","A78A2B","leleanna_ratena"
"Immersive Encounters.esp","A78A2D","nestynia"
"Immersive Encounters.esp","A78A30","einvard_the_pathfinder"
"Immersive Encounters.esp","C1D4B2","evelyna"
"Immersive Followers.esp","0002D63","mulgrom"
"Immersive Followers.esp","000D62","alana"
"Immersive Followers.esp","000D64","ashe"
"Immersive Followers.esp","000D65","coda"
"Immersive Followers.esp","000D6B","keiko"
"Immersive Followers.esp","000D70","leona"
"Immersive Followers.esp","000D72","mira"
"Immersive Followers.esp","000D74","sheena"
"Immersive Followers.esp","000D76","shyvana"
"Immersive Followers.esp","005E74","devesha"
"Immersive Followers.esp","005E78","haj-meer"
"Immersive Followers.esp","0063DD","elsif"
"Immersive Wenches.esp","00CF08","lamia"
"Immersive Wenches.esp","00CF11","kirginne"
"Immersive Wenches.esp","00CF12","tamda"
"Immersive Wenches.esp","00CF14","veronica"
"Immersive Wenches.esp","00CF15","mery"
"Immersive Wenches.esp","00EFD1","rikka"
"Immersive Wenches.esp","012B36","joanne"
"Immersive Wenches.esp","01309D","bella"
"Immersive Wenches.esp","013604","lielle"
"Immersive Wenches.esp","013609","rebecca"
"Immersive Wenches.esp","0140D1","eila"
"Immersive Wenches.esp","0140D4","ruanne"
"Immersive Wenches.esp","0140D8","thraria"
"Immersive Wenches.esp","0140DB","kerannah"
"Immersive Wenches.esp","0140DF","haru"
"Immersive Wenches.esp","0140E4","kirginia"
"Immersive Wenches.esp","015BE3","maria"
"Immersive Wenches.esp","015BE4","heidi"
"Immersive Wenches.esp","031914","shayla"
"Immersive Wenches.esp","03191B","lulanne"
"Immersive Wenches.esp","03191E","elanneh"
"Immersive Wenches.esp","031948","linda"
"Immersive Wenches.esp","031949","teretia"
"Immersive Wenches.esp","03194A","tuula"
"Immersive Wenches.esp","03194C","samanta"
"Immersive Wenches.esp","03194D","catarina"
"Immersive Wenches.esp","03194E","enya"
"Immersive Wenches.esp","03194F","courtney"
"Immersive Wenches.esp","031950","elira"
"Immersive Wenches.esp","031951","tatriana"
"Immersive Wenches.esp","031952","suleen"
"Immersive Wenches.esp","031953","mabrelle"
"Immersive Wenches.esp","031954","viania"
"Immersive Wenches.esp","031955","violet"
"Immersive Wenches.esp","031956","claire"
"Immersive Wenches.esp","031959","valasca"
"Immersive Wenches.esp","031980","lyne"
"Immersive Wenches.esp","031989","liviane"
"Immersive Wenches.esp","03198A","weyna"
"Immersive Wenches.esp","031993","sannlith"
"Immersive Wenches.esp","031996","ridene"
"Immersive Wenches.esp","0319C9","stephanie"
"Immersive Wenches.esp","0319CA","rina"
"Immersive Wenches.esp","0319CF","herna"
"Immersive Wenches.esp","0319D3","lynette"
"Immersive Wenches.esp","0319DA","michelle"
"Immersive Wenches.esp","0319DF","jada"
"Immersive Wenches.esp","0319E3","arah"
"Immersive Wenches.esp","0319E8","krissa"
"Immersive Wenches.esp","0319ED","sharli"
"Immersive Wenches.esp","031A02","arisse"
"Immersive Wenches.esp","031A03","arlina"
"Immersive Wenches.esp","031A06","miraette"
"Immersive Wenches.esp","03A101","jane"
"Immersive Wenches.esp","04A323","lindyth"
"Immersive Wenches.esp","05963E","saeliah"
"Immersive Wenches.esp","05963F","yanne"
"Immersive Wenches.esp","059641","arnynne"
"Immersive Wenches.esp","072BC0","shaed"
"Immersive Wenches.esp","0AA7ED","vampire_wench_cattle"
"Immersive Wenches.esp","0AA7EE","vampire_wench_cattle"
"Immersive Wenches.esp","0AA7F0","vampire_wench_cattle"
"Immersive Wenches.esp","0AA7FB","vampire_wench_cattle"
"Immersive Wenches.esp","0AF913","vampire_wench_cattle"
"Immersive Wenches.esp","0AF914","vampire_wench_cattle"
"Immersive Wenches.esp","23FF66","orianne"
"Immersive Wenches.esp","245072","kahanne"
"Immersive Wenches.esp","245073","daphnne"
"Immersive Wenches.esp","24507B","jaryra"
"Immersive Wenches.esp","24507C","maxy"
"Inconsequential NPCs.esp","002DC6","maven_s_bodyguard"
"Inconsequential NPCs.esp","00796E","carriage_guard"
"Inconsequential NPCs.esp","007971","carriage_guard"
"Inconsequential NPCs.esp","007972","carriage_guard"
"Inconsequential NPCs.esp","007973","carriage_guard"
"Inconsequential NPCs.esp","007974","carriage_guard"
"Inconsequential NPCs.esp","0089D7","foreign_envoy"
"Inconsequential NPCs.esp","009BE4","carriage_guard"
"Inconsequential NPCs.esp","00C70A","violet"
"Inconsequential NPCs.esp","00D1D1","lily"
"Inconsequential NPCs.esp","01949D","mercenary"
"Inconsequential NPCs.esp","01949E","regular_patron"
"Inconsequential NPCs.esp","01D002","regular_patron"
"Inconsequential NPCs.esp","01D004","regular_patron"
"Inconsequential NPCs.esp","01D56C","regular_patron"
"Inconsequential NPCs.esp","01D56E","regular_patron"
"Inconsequential NPCs.esp","023690","regular_patron"
"Inconsequential NPCs.esp","023BF5","regular_patron"
"Inconsequential NPCs.esp","024C25","regular_patron"
"Inconsequential NPCs.esp","025189","regular_patron"
"Inconsequential NPCs.esp","02518C","regular_patron"
"Inconsequential NPCs.esp","025190","regular_patron"
"Inconsequential NPCs.esp","025191","regular_patron"
"Inconsequential NPCs.esp","026C80","foreign_envoy"
"Inconsequential NPCs.esp","027CB4","regular_patron"
"Inconsequential NPCs.esp","027CB6","regular_patron"
"Inconsequential NPCs.esp","02821A","regular_patron"
"Inconsequential NPCs.esp","029D57","urchin"
"Inconsequential NPCs.esp","02AD83","urchin"
"Inconsequential NPCs.esp","02F8FE","mercenary"
"Inconsequential NPCs.esp","032EF5","urchin"
"Inconsequential NPCs.esp","032EF6","urchin"
"Inconsequential NPCs.esp","032EF7","urchin"
"Inconsequential NPCs.esp","035FA0","black-briar_servant"
"Inconsequential NPCs.esp","036506","suspicious_man"
"Inconsequential NPCs.esp","03803F","suspicious_man"
"Inconsequential NPCs.esp","0395EC","worker"
"Inconsequential NPCs.esp","03EC14","mercenary"
"Inconsequential NPCs.esp","042781","erikur_s_servant"
"Inconsequential NPCs.esp","0447DA","bryling_s_servant"
"Inconsequential NPCs.esp","046840","addicted_man"
"Inconsequential NPCs.esp","046841","addicted_man"
"Inconsequential NPCs.esp","058B9D","gray-mane_servant"
"Inconsequential NPCs.esp","059115","battle-born_servant"
"Inconsequential NPCs.esp","060CF9","town_crier"
"Inconsequential NPCs.esp","062D53","laborer"
"Inconsequential NPCs.esp","0632B6","laborer"
"Inconsequential NPCs.esp","067363","worker"
"Inconsequential NPCs.esp","068EBE","laborer"
"Inconsequential NPCs.esp","068EBF","furrier"
"Inconsequential NPCs.esp","06B558","laborer"
"Inconsequential NPCs.esp","06C693","laborer"
"Inconsequential NPCs.esp","06CC8B","fish_monger"
"Inconsequential NPCs.esp","06E2AB","suspicious_laborer"
"Inconsequential NPCs.esp","06E812","shady_merchant"
"Inconsequential NPCs.esp","06F2D8","suspicious_scribe"
"Inconsequential NPCs.esp","06FD9C","suspicious_bard"
"Inconsequential NPCs.esp","0887D8","mercenary"
"Inconsequential NPCs.esp","08B8AB","penelope"
"Inconsequential NPCs.esp","08D3B2","halwyn"
"Inconsequential NPCs.esp","08E3EA","birsa"
"Inconsequential NPCs.esp","08EEB3","visia_hlaalu"
"Inconsequential NPCs.esp","0924BC","neira"
"Inconsequential NPCs.esp","092A40","olvir"
"Inconsequential NPCs.esp","092A64","ginna"
"Inconsequential NPCs.esp","092A99","bothilda"
"Inconsequential NPCs.esp","092A9B","skarri"
"Inconsequential NPCs.esp","0D476A","high_elf"
"Inconsequential NPCs.esp","0D476B","high_elf"
"Inconsequential NPCs.esp","0D476C","thalmor_sentry"
"Inconsequential NPCs.esp","0D72B7","thalmor_sentry"
"Inconsequential NPCs.esp","0E3522","bard"
"Inconsequential NPCs.esp","0EA0E4","cassia"
"Inconsequential NPCs.esp","0EA0E9","halldis"
"Inconsequential NPCs.esp","0EA0ED","naglfar"
"Inconsequential NPCs.esp","0EDC34","esileif"
"Inconsequential NPCs.esp","0EE198","elfrun"
"Inconsequential NPCs.esp","0EE19A","beinir"
"Inigo.esp","008AE9","inigo"
"KO2Azzan.esp","089380","azzan"
"LegacyoftheDragonborn.esm","01B3B4","ezra"
"LegacyoftheDragonborn.esm","0490E2","avram_shazir"
"LegacyoftheDragonborn.esm","061104","museum_guard"
"LegacyoftheDragonborn.esm","061105","museum_guard"
"LegacyoftheDragonborn.esm","061106","museum_guard"
"LegacyoftheDragonborn.esm","061107","museum_guard"
"LegacyoftheDragonborn.esm","061108","museum_guard"
"LegacyoftheDragonborn.esm","061109","museum_guard"
"LegacyoftheDragonborn.esm","06110A","museum_guard"
"LegacyoftheDragonborn.esm","06110B","museum_guard"
"LegacyoftheDragonborn.esm","06110C","museum_guard"
"LegacyoftheDragonborn.esm","06110D","museum_guard"
"LegacyoftheDragonborn.esm","0AEEAE","avram_shazir"
"LegacyoftheDragonborn.esm","0D953D","malakai"
"LegacyoftheDragonborn.esm","0D9540","jerrin"
"LegacyoftheDragonborn.esm","0D9542","lorna"
"LegacyoftheDragonborn.esm","0D9543","henry"
"LegacyoftheDragonborn.esm","121574","argus_fenneric"
"LegacyoftheDragonborn.esm","124CFE","auryen_morellus"
"LegacyoftheDragonborn.esm","18F62C","ongar_brewer"
"LegacyoftheDragonborn.esm","236D6D","ertzebet_the_librarian_s_assistant"
"LegacyoftheDragonborn.esm","27033B","madras"
"LegacyoftheDragonborn.esm","27033C","latoria"
"LegacyoftheDragonborn.esm","27033D","kyre_oldenson"
"LegacyoftheDragonborn.esm","27033F","auryen_morellus"
"LegacyoftheDragonborn.esm","27036B","patero_marassi"
"LegacyoftheDragonborn.esm","35CC2A","madras"
"LegacyoftheDragonborn.esm","3DCEB5","latoria"
"LegacyoftheDragonborn.esm","43DEAF","patero_marassi"
"LegacyoftheDragonborn.esm","43DEB1","kyre_oldenson"
"LegacyoftheDragonborn.esm","4D1809","auryen_morellus"
"LegacyoftheDragonborn.esm","4D180B","kyre_oldenson"
"LegacyoftheDragonborn.esm","4D180C","latoria"
"LegacyoftheDragonborn.esm","4D180D","madras"
"LegacyoftheDragonborn.esm","4D180E","patero_marassi"
"LegacyoftheDragonborn.esm","58B971","auryen_morellus"
"LegacyoftheDragonborn.esm","58B973","kyre_oldenson"
"LegacyoftheDragonborn.esm","58B974","latoria"
"LegacyoftheDragonborn.esm","58B975","madras"
"LegacyoftheDragonborn.esm","58B976","patero_marassi"
"LegacyoftheDragonborn.esm","5BDC19","varicio_the_collector"
"LotsPaidMercs.esp","000096","korslik_strong-arm"
"LotsPaidMercs.esp","000176","mira_durenni"
"LotsPaidMercs.esp","000181","mira_s_skeleton"
"LotsPaidMercs.esp","000189","mira_s_undead_mage"
"LotsPaidMercs.esp","00018B","mira_s_undead_mage"
"LotsPaidMercs.esp","00018D","mira_s_undead_mage"
"LotsPaidMercs.esp","00018F","piradeeh_twice-bitten"
"LotsPaidMercs.esp","0002C7","kreda_elkind"
"LotsPaidMercs.esp","0002D5","tobir_the_beggar"
"LotsPaidMercs.esp","0002FE","aretha_belven"
"LotsPaidMercs.esp","000301","yngvor_skyguard"
"LotsPaidMercs.esp","00040F","grutak_the_barbarian"
"LotsPaidMercs.esp","000490","eloe_loran"
"LotsPaidMercs.esp","000493","martina_felanis"
"LotsPaidMercs.esp","000495","teeka-dulei"
"LotsPaidMercs.esp","0004E8","ra_faraago"
"LotsPaidMercs.esp","0004EB","dravynea_yenabi"
"LotsPaidMercs.esp","0004EF","drynger_pure-heart"
"LotsPaidMercs.esp","00055B","fjorstaag_fire-eater"
"LotsPaidMercs.esp","000599","do_shanir_the_cook"
"LotsPaidMercs.esp","00059E","clemick_lochar"
"LotsPaidMercs.esp","0005A1","rosanti_anisern"
"LotsPaidMercs.esp","0005FE","sanathyn_delas"
"LotsPaidMercs.esp","00067B","ri_vassen"
"LotsPaidMercs.esp","0006A8","huurweyn_brightstar"
"LotsPaidMercs.esp","00070C","crendal_greenwing"
"LotsPaidMercs.esp","0007F1","heaga_gold-will"
"LotsPaidMercs.esp","0007F4","fjolrich_flame-soul"
"LotsPaidMercs.esp","0007F8","graloth_the_drunk"
"LotsPaidMercs.esp","0007FB","heimskar_green-leaf"
"LotsPaidMercs.esp","00082C","enlir_ninzur"
"LotsPaidMercs.esp","000830","m_kela_unbari"
"LotsPaidMercs.esp","00084B","francine_armonet"
"LotsPaidMercs.esp","00086A","galmir_tralan"
"LotsPaidMercs.esp","00089A","avik_tralan"
"LotsPaidMercs.esp","0009BC","jee-shei"
"LotsPaidMercs.esp","000A56","foroch_yellowleaf"
"LotsPaidMercs.esp","000A59","aelwin_traven"
"LotsPaidMercs.esp","000A5C","skjoldran_the_committed"
"LotsPaidMercs.esp","000ABF","voltan_maecius"
"LotsPaidMercs.esp","000AC2","thadar_felder"
"LotsPaidMercs.esp","000AC5","s_razim-dar"
"LotsPaidMercs.esp","000AC8","mordyctus_ephine"
"LotsPaidMercs.esp","000ACB","ukalei-zish"
"LotsPaidMercs.esp","000ACE","anja_black-dagger"
"LotsPaidMercs.esp","000B08","ejya_sunset-blade"
"LotsPaidMercs.esp","000B77","fairelle"
"LotsPaidMercs.esp","000B83","do_virran"
"LotsPaidMercs.esp","000B86","suwen"
"LotsPaidMercs.esp","000B8A","bleekius"
"LotsPaidMercs.esp","000B8D","aganoth"
"LotsPaidMercs.esp","000B90","ra_jhan"
"LotsPaidMercs.esp","000BAF","ursila_the_seeker"
"LotsPaidMercs.esp","000CF7","idros_uvaram"
"LotsPaidMercs.esp","000D27","s_dosi"
"LotsPaidMercs.esp","000D60","belnir_the_old"
"LotsPaidMercs.esp","000D63","batto_signirius"
"LotsPaidMercs.esp","000D67","toulin_previa"
"LotsPaidMercs.esp","000D6A","imeta_the_swan"
"LotsPaidMercs.esp","000D6D","peline_tralecci"
"LotsPaidMercs.esp","000D70","constin_valinvius"
"LotsPaidMercs.esp","000D96","elandra_firan"
"LotsPaidMercs.esp","000D99","fervas_sirduin"
"LotsPaidMercs.esp","000DB1","drilnevi_orendas"
"LotsPaidMercs.esp","000DB5","davin_ulrith"
"LotsPaidMercs.esp","000EA3","aganir_balbus"
"LotsPaidMercs.esp","000EA6","telani_bluelion"
"LotsPaidMercs.esp","000EA9","toldas_the_seed"
"LotsPaidMercs.esp","000EEE","jo_zirkar"
"LotsPaidMercs.esp","000F24","sabryna_valerius"
"LotsPaidMercs.esp","000F2A","gwynyvyra_rane"
"LotsPaidMercs.esp","000F81","j_zir-dar"
"Lucien.esp","00091F","lucien_flavius"
"MVC Abigail Follower.esp","000808","abigail"
"Mayatola Unique Followers AIO.esp","0012D8","lilith"
"Mayatola Unique Followers AIO.esp","001853","shalistra"
"Mayatola Unique Followers AIO.esp","003329","miria"
"Mayatola Unique Followers AIO.esp","0033E1","vyliana"
"Mayatola Unique Followers AIO.esp","0033E2","tresa"
"Mayatola Unique Followers AIO.esp","0033E3","caitriona"
"Mayatola Unique Followers AIO.esp","0033E7","aleena"
"Mayatola Unique Followers AIO.esp","0033E8","vyrana"
"Mayatola Unique Followers AIO.esp","0033E9","dreya"
"Mayatola Unique Followers AIO.esp","0033EA","irina"
"Mayatola Unique Followers AIO.esp","0033EB","kali"
"Mayatola Unique Followers AIO.esp","0033EC","ishana"
"Mayatola Unique Followers AIO.esp","00346F","calindra"
"MistySkye.esp","006E61","summer_skye"
"MistySkye.esp","076F7F","misty_skye"
"MistySkye.esp","B4A06D","kara_delight"
"MoonAndStar_MAS.esp","009A3D","velyna_rathvasi"
"MoonAndStar_MAS.esp","00C0AE","bal-ran"
"MoonAndStar_MAS.esp","00E7FE","mandyn_hlaalu"
"MoonAndStar_MAS.esp","00E803","the_nerevarine"
"NWS_Elana.esp","00081A","elana_darkfire"
"OCW_Obscure's_CollegeofWinterhold.esp","08E817","thelsa_andalas"
"OCW_Obscure's_CollegeofWinterhold.esp","1C3B94","agroa_muguk"
"OCW_Obscure's_CollegeofWinterhold.esp","1C3B97","kassandra_atarax"
"OCW_Obscure's_CollegeofWinterhold.esp","1C8D55","raddsgar"
"OW_Widowmaker.esp","000814","widowmaker"
"OrbOfDivines.esp","115B4F","lyssia"
"PAN_FollowerPack1.esp","000A1C","ma_rija"
"PAN_FollowerPack1.esp","000F49","ferwen"
"PAN_FollowerPack1.esp","000F4A","freya_gray-mane"
"PAN_FollowerPack1.esp","000F4B","lady_kathryn"
"PAN_FollowerPack1.esp","000F4E","orchid"
"PAN_FollowerPack1.esp","000F4F","siona"
"PAN_FollowerPack1.esp","000F50","zusha"
"PAN_FollowerPack1.esp","00DFCA","miniel"
"Recorder Follower Base.esp","002306","recorder"
"Skyrim Immersive Creatures Special Edition.esp","2C86A1","crassius_herecu"
"Skyrim.esm","001837","grushnag"
"Skyrim.esm","007A31","durnehviir"
"Skyrim.esm","008BF3","doorman"
"Skyrim.esm","008D23","imperial_deserter"
"Skyrim.esm","00DBAE","feral_vampire"
"Skyrim.esm","013482","alvor"
"Skyrim.esm","013483","sigrid"
"Skyrim.esm","013484","dorthe"
"Skyrim.esm","013485","delphine"
"Skyrim.esm","013486","orgnar"
"Skyrim.esm","013487","lucan_valerius"
"Skyrim.esm","013488","camilla_valerius"
"Skyrim.esm","013489","gerdur"
"Skyrim.esm","01348A","hod"
"Skyrim.esm","01348B","frodnar"
"Skyrim.esm","01348C","faendal"
"Skyrim.esm","013491","sven"
"Skyrim.esm","013698","bjorlam"
"Skyrim.esm","013D16","moric_sidrey"
"Skyrim.esm","0154E6","captain_aquilius"
"Skyrim.esm","015CC3","sond"
"Skyrim.esm","015CC5","asta"
"Skyrim.esm","015D07","dark_brotherhood_initiate"
"Skyrim.esm","015D09","dark_brotherhood_initiate"
"Skyrim.esm","015D0B","torture_victim"
"Skyrim.esm","015D0F","torture_victim"
"Skyrim.esm","0185F5","froki_whetted-blade"
"Skyrim.esm","019819","indara_caerellia"
"Skyrim.esm","01981A","mathies"
"Skyrim.esm","01981B","dengeir_of_stuhn"
"Skyrim.esm","01981C","tekla"
"Skyrim.esm","01981E","solaf"
"Skyrim.esm","01981F","bolund"
"Skyrim.esm","019820","runil"
"Skyrim.esm","019821","kust"
"Skyrim.esm","019822","jarl_siddgeir"
"Skyrim.esm","019823","nenya"
"Skyrim.esm","019824","helvard"
"Skyrim.esm","01982E","hern"
"Skyrim.esm","01982F","hert"
"Skyrim.esm","019835","ghunzul"
"Skyrim.esm","0198A0","corpulus_vinius"
"Skyrim.esm","0198A2","lisette"
"Skyrim.esm","0198A3","sorex_vinius"
"Skyrim.esm","0198A4","minette_vinius"
"Skyrim.esm","0198A5","rorlund"
"Skyrim.esm","0198A6","freir"
"Skyrim.esm","0198A7","silana_petreia"
"Skyrim.esm","0198A8","styrr"
"Skyrim.esm","0198A9","erikur"
"Skyrim.esm","0198AA","hjorunn"
"Skyrim.esm","0198AB","kharag_gro-shurkul"
"Skyrim.esm","0198AC","taarie"
"Skyrim.esm","0198AD","endarie"
"Skyrim.esm","0198AE","ma_zaka"
"Skyrim.esm","0198AF","jala"
"Skyrim.esm","0198B0","ahtar"
"Skyrim.esm","0198B1","fihada"
"Skyrim.esm","0198B2","jawanan"
"Skyrim.esm","0198B3","evette_san"
"Skyrim.esm","0198B4","octieve_san"
"Skyrim.esm","0198B5","gisli"
"Skyrim.esm","0198B6","vittoria_vici"
"Skyrim.esm","0198B7","gulum-ei"
"Skyrim.esm","0198B8","deeja"
"Skyrim.esm","0198B9","jaree-ra"
"Skyrim.esm","0198BA","general_tullius"
"Skyrim.esm","0198BB","legate_rikke"
"Skyrim.esm","0198BC","elenwen"
"Skyrim.esm","0198BD","noster_eagle-eye"
"Skyrim.esm","0198BE","bjartur"
"Skyrim.esm","0198BF","bryling"
"Skyrim.esm","0198C0","irnskar_ironhand"
"Skyrim.esm","0198C1","elisif_the_fair"
"Skyrim.esm","0198C2","falk_firebeard"
"Skyrim.esm","0198C3","bolgeir_bearclaw"
"Skyrim.esm","0198C4","heimvar"
"Skyrim.esm","0198C5","sybille_stentor"
"Skyrim.esm","0198C6","odar"
"Skyrim.esm","0198C7","erdi"
"Skyrim.esm","0198C8","una"
"Skyrim.esm","0198C9","sayma"
"Skyrim.esm","0198CA","kayd"
"Skyrim.esm","0198CB","viarmo"
"Skyrim.esm","0198CC","pantea_ateia"
"Skyrim.esm","0198CD","inge_six_fingers"
"Skyrim.esm","0198CE","giraud_gemane"
"Skyrim.esm","0198CF","jorn"
"Skyrim.esm","0198D0","aia_arria"
"Skyrim.esm","0198D1","illdi"
"Skyrim.esm","0198D2","angeline_morrard"
"Skyrim.esm","0198D3","vivienne_onis"
"Skyrim.esm","0198D4","addvar"
"Skyrim.esm","0198D5","geimund"
"Skyrim.esm","0198D6","fridrika"
"Skyrim.esm","0198D7","horm"
"Skyrim.esm","0198D8","beirand"
"Skyrim.esm","0198D9","katla"
"Skyrim.esm","0198DA","snilling"
"Skyrim.esm","0198DB","knud"
"Skyrim.esm","0198DC","dervenin"
"Skyrim.esm","0198E3","thongvor_silver-blood"
"Skyrim.esm","0198E4","reburrus_quintilius"
"Skyrim.esm","0198E5","yngvar_the_singer"
"Skyrim.esm","0198E6","thonar_silver-blood"
"Skyrim.esm","0198E7","betrid_silver-blood"
"Skyrim.esm","0198E9","nana_ildene"
"Skyrim.esm","0198EA","lisbet"
"Skyrim.esm","0198EB","imedhnain"
"Skyrim.esm","0198EC","kleppr"
"Skyrim.esm","0198ED","frabbi"
"Skyrim.esm","0198EE","hroki"
"Skyrim.esm","0198EF","hreinn"
"Skyrim.esm","0198F0","cedran"
"Skyrim.esm","0198F1","endon"
"Skyrim.esm","0198F2","kerah"
"Skyrim.esm","0198F3","logrolf_the_willful"
"Skyrim.esm","0198F4","ogmund"
"Skyrim.esm","0198F5","nepos_the_nose"
"Skyrim.esm","0198F7","bothela"
"Skyrim.esm","0198F8","muiri"
"Skyrim.esm","0198FA","cosnach"
"Skyrim.esm","0198FB","hathrasil"
"Skyrim.esm","0198FC","omluag"
"Skyrim.esm","0198FD","eltrys"
"Skyrim.esm","0198FE","rhiada"
"Skyrim.esm","0198FF","mulush_gro-shugurz"
"Skyrim.esm","019901","orla"
"Skyrim.esm","019902","anwen"
"Skyrim.esm","019903","igmund"
"Skyrim.esm","019904","raerek"
"Skyrim.esm","019905","faleen"
"Skyrim.esm","019906","ghorza_gra-bagol"
"Skyrim.esm","019907","tacitus_sallustius"
"Skyrim.esm","019908","calcelmo"
"Skyrim.esm","019909","aicantar"
"Skyrim.esm","01990A","anton_virane"
"Skyrim.esm","01990B","rondach"
"Skyrim.esm","01990C","voada"
"Skyrim.esm","01990D","ondolemar"
"Skyrim.esm","019911","braig"
"Skyrim.esm","019912","duach"
"Skyrim.esm","019913","odvan"
"Skyrim.esm","019914","uraccen"
"Skyrim.esm","019915","borkul_the_beast"
"Skyrim.esm","019916","madanach"
"Skyrim.esm","019917","grisvar_the_unlucky"
"Skyrim.esm","019918","urzoga_gra-shugurz"
"Skyrim.esm","019928","chief_burguk"
"Skyrim.esm","019929","murbul"
"Skyrim.esm","01992A","arob"
"Skyrim.esm","01992B","gharol"
"Skyrim.esm","01992C","shel"
"Skyrim.esm","01992D","umurn"
"Skyrim.esm","01992E","nagrub"
"Skyrim.esm","01992F","oglub"
"Skyrim.esm","019930","ghorbash_the_iron_hand"
"Skyrim.esm","019931","ainethach"
"Skyrim.esm","019932","lash_gra-dushnikh"
"Skyrim.esm","019933","ragnar"
"Skyrim.esm","019934","belchimac"
"Skyrim.esm","019935","enmon"
"Skyrim.esm","019936","mena"
"Skyrim.esm","019937","rogatus_salvius"
"Skyrim.esm","019938","vigdis_salvius"
"Skyrim.esm","019970","perth"
"Skyrim.esm","019971","tuthul"
"Skyrim.esm","0199B1","skaggi_scar-face"
"Skyrim.esm","0199B2","sosia_tremellia"
"Skyrim.esm","0199B3","daighre"
"Skyrim.esm","0199B4","erith"
"Skyrim.esm","0199B5","ennoc"
"Skyrim.esm","0199B6","pavo_attius"
"Skyrim.esm","0199B8","gat_gro-shargakh"
"Skyrim.esm","0199CF","eydis"
"Skyrim.esm","0199D0","skuli"
"Skyrim.esm","019A1E","horgeir"
"Skyrim.esm","019A21","olda"
"Skyrim.esm","019A23","lodvar"
"Skyrim.esm","019A29","faida"
"Skyrim.esm","019A2B","azzada_lylvieve"
"Skyrim.esm","019A2D","clinton_lylvieve"
"Skyrim.esm","019A2F","michel_lylvieve"
"Skyrim.esm","019DC8","keerava"
"Skyrim.esm","019DC9","talen-jei"
"Skyrim.esm","019DCA","louis_letrush"
"Skyrim.esm","019DCB","vulwulf_snow-shod"
"Skyrim.esm","019DCC","nura_snow-shod"
"Skyrim.esm","019DCD","asgeir_snow-shod"
"Skyrim.esm","019DCE","indaryn"
"Skyrim.esm","019DCF","drifa"
"Skyrim.esm","019DD0","bersi_honey-hand"
"Skyrim.esm","019DD1","maven_black-briar"
"Skyrim.esm","019DD2","hemming_black-briar"
"Skyrim.esm","019DD3","sibbi_black-briar"
"Skyrim.esm","019DD4","ingun_black-briar"
"Skyrim.esm","019DD5","maramal"
"Skyrim.esm","019DD6","dinya_balu"
"Skyrim.esm","019DD7","bolli"
"Skyrim.esm","019DD8","nivenor"
"Skyrim.esm","019DD9","alessandra"
"Skyrim.esm","019DDA","haelga"
"Skyrim.esm","019DDB","svana_far-shield"
"Skyrim.esm","019DDC","brandish"
"Skyrim.esm","019DDD","ungrien"
"Skyrim.esm","019DDE","tythis_ulen"
"Skyrim.esm","019DDF","wujeeta"
"Skyrim.esm","019DE0","niluva_hlaalu"
"Skyrim.esm","019DE1","romlyn_dreth"
"Skyrim.esm","019DE2","from-deepest-fathoms"
"Skyrim.esm","019DE3","valindor"
"Skyrim.esm","019DE4","grelod_the_kind"
"Skyrim.esm","019DE5","constance_michel"
"Skyrim.esm","019DE6","francois_beaufort"
"Skyrim.esm","019DE7","samuel"
"Skyrim.esm","019DE8","runa_fair-shield"
"Skyrim.esm","019DE9","hroar"
"Skyrim.esm","019DEA","laila_law-giver"
"Skyrim.esm","019DEB","harrald"
"Skyrim.esm","019DEC","saerlund"
"Skyrim.esm","019DEE","anuriel"
"Skyrim.esm","019DF0","wylandriah"
"Skyrim.esm","019DF1","balimund"
"Skyrim.esm","019DF3","asbjorn_fire-tamer"
"Skyrim.esm","019DF4","threki_the_innocent"
"Skyrim.esm","019DF5","molgrom_twice-killed"
"Skyrim.esm","019DF7","mjoll_the_lioness"
"Skyrim.esm","019DF8","aerin"
"Skyrim.esm","019DF9","vekel_the_man"
"Skyrim.esm","019DFA","dirge"
"Skyrim.esm","019DFB","elgrim"
"Skyrim.esm","019DFC","hafjorg"
"Skyrim.esm","019DFD","esbern"
"Skyrim.esm","019DFE","hofgrir_horse-crusher"
"Skyrim.esm","019E00","shadr"
"Skyrim.esm","019E01","addvild"
"Skyrim.esm","019E02","wilhelm"
"Skyrim.esm","019E03","lynly_star-sung"
"Skyrim.esm","019E04","jofthor"
"Skyrim.esm","019E05","boti"
"Skyrim.esm","019E06","fastred"
"Skyrim.esm","019E07","klimmek"
"Skyrim.esm","019E08","bassianus_axius"
"Skyrim.esm","019E09","filnjar"
"Skyrim.esm","019E0D","odfel"
"Skyrim.esm","019E0E","grogmar_gro-burzag"
"Skyrim.esm","019E0F","grosta"
"Skyrim.esm","019E10","gralnach"
"Skyrim.esm","019E11","avrusa_sarethi"
"Skyrim.esm","019E12","aduri_sarethi"
"Skyrim.esm","019E13","aringoth"
"Skyrim.esm","019E14","marise_aravel"
"Skyrim.esm","019E15","dravin_llanith"
"Skyrim.esm","019E17","malacath"
"Skyrim.esm","019E19","atub"
"Skyrim.esm","019E1B","ugor"
"Skyrim.esm","019E1D","garakh"
"Skyrim.esm","019E1F","lob"
"Skyrim.esm","019E21","gularzob"
"Skyrim.esm","019E23","ogol"
"Skyrim.esm","019E24","narfi"
"Skyrim.esm","019FE7","vals_veran"
"Skyrim.esm","01A2D2","gallus"
"Skyrim.esm","01A2EB","nocturnal"
"Skyrim.esm","01A636","svari"
"Skyrim.esm","01A637","greta"
"Skyrim.esm","01A638","melaran"
"Skyrim.esm","01A66A","amren"
"Skyrim.esm","01A66B","braith"
"Skyrim.esm","01A66C","saffir"
"Skyrim.esm","01A66D","arcadia"
"Skyrim.esm","01A66E","hulda"
"Skyrim.esm","01A671","mikael"
"Skyrim.esm","01A672","belethor"
"Skyrim.esm","01A675","carlotta_valentia"
"Skyrim.esm","01A676","mila_valentia"
"Skyrim.esm","01A677","balgruuf_the_greater"
"Skyrim.esm","01A678","hrongar"
"Skyrim.esm","01A679","frothar"
"Skyrim.esm","01A67A","dagny"
"Skyrim.esm","01A67B","nelkir"
"Skyrim.esm","01A67C","adrianne_avenicci"
"Skyrim.esm","01A67D","proventus_avenicci"
"Skyrim.esm","01A67E","farengar_secret-fire"
"Skyrim.esm","01A67F","irileth"
"Skyrim.esm","01A680","anoriath"
"Skyrim.esm","01A681","elrindir"
"Skyrim.esm","01A682","heimskr"
"Skyrim.esm","01A683","eorlund_gray-mane"
"Skyrim.esm","01A684","fralia_gray-mane"
"Skyrim.esm","01A685","olfina_gray-mane"
"Skyrim.esm","01A686","avulstein_gray-mane"
"Skyrim.esm","01A687","olfrid_battle-born"
"Skyrim.esm","01A688","bergritte_battle-born"
"Skyrim.esm","01A689","idolaf_battle-born"
"Skyrim.esm","01A68A","jon_battle-born"
"Skyrim.esm","01A68B","alfhild_battle-born"
"Skyrim.esm","01A68C","lars_battle-born"
"Skyrim.esm","01A68D","andurs"
"Skyrim.esm","01A68F","kodlak_whitemane"
"Skyrim.esm","01A691","skjor"
"Skyrim.esm","01A693","farkas"
"Skyrim.esm","01A695","vilkas"
"Skyrim.esm","01A697","aela_the_huntress"
"Skyrim.esm","01A699","olava_the_feeble"
"Skyrim.esm","01A69A","ysolda"
"Skyrim.esm","01A69C","skulvar_sable-hilt"
"Skyrim.esm","01A69E","jervar"
"Skyrim.esm","01A69F","danica_pure-spring"
"Skyrim.esm","01A6A1","vignar_gray-mane"
"Skyrim.esm","01A6A3","brill"
"Skyrim.esm","01A6A4","nazeem"
"Skyrim.esm","01A6A5","ahlam"
"Skyrim.esm","01A6A6","rorik"
"Skyrim.esm","01A6A7","jouane_manette"
"Skyrim.esm","01A6A8","mralki"
"Skyrim.esm","01A6AB","reldith"
"Skyrim.esm","01A6AC","britte"
"Skyrim.esm","01A6AD","lemkil"
"Skyrim.esm","01A6AE","sissel"
"Skyrim.esm","01A6B2","vantus_loreius"
"Skyrim.esm","01A6B4","curwe"
"Skyrim.esm","01A6B5","frida"
"Skyrim.esm","01A6B6","beitild"
"Skyrim.esm","01A6B8","brina_merilis"
"Skyrim.esm","01A6BA","horik_halfhand"
"Skyrim.esm","01A6BB","irgnir"
"Skyrim.esm","01A6BC","karl"
"Skyrim.esm","01A6BD","leigelf"
"Skyrim.esm","01A6BE","rustleif"
"Skyrim.esm","01A6BF","seren"
"Skyrim.esm","01A6C0","jarl_skald"
"Skyrim.esm","01A6C1","jod"
"Skyrim.esm","01A6C2","bulfrek"
"Skyrim.esm","01A6C3","madena"
"Skyrim.esm","01A6C5","fruki"
"Skyrim.esm","01A6C6","lond"
"Skyrim.esm","01A6C7","karita"
"Skyrim.esm","01A6C8","thoring"
"Skyrim.esm","01A6D2","aeri"
"Skyrim.esm","01A6D3","leifur"
"Skyrim.esm","01A6D4","kodrir"
"Skyrim.esm","01A6D6","athis"
"Skyrim.esm","01A6D8","ria"
"Skyrim.esm","01A6DA","njada_stonearm"
"Skyrim.esm","01A6DC","torvar"
"Skyrim.esm","01AA52","swanhvir"
"Skyrim.esm","01AA53","jesper"
"Skyrim.esm","01AA54","teeba-ei"
"Skyrim.esm","01AA55","gestur_rockbreaker"
"Skyrim.esm","01AA57","sorli_the_builder"
"Skyrim.esm","01AA58","pactur"
"Skyrim.esm","01AA59","sirgar"
"Skyrim.esm","01AA5C","alva"
"Skyrim.esm","01AA5D","hroggar"
"Skyrim.esm","01AA5E","falion"
"Skyrim.esm","01AA5F","agni"
"Skyrim.esm","01AA60","jorgen"
"Skyrim.esm","01AA61","lami"
"Skyrim.esm","01AA62","jonna"
"Skyrim.esm","01AA64","lurbuk"
"Skyrim.esm","01AA65","benor"
"Skyrim.esm","01AA66","idgrod_ravencrone"
"Skyrim.esm","01AA67","idgrod_the_younger"
"Skyrim.esm","01AA68","aslfur"
"Skyrim.esm","01AA69","gorm"
"Skyrim.esm","01AA6A","joric"
"Skyrim.esm","01AA6B","thonnir"
"Skyrim.esm","01AA6C","virkmund"
"Skyrim.esm","01B084","roggi_knot-beard"
"Skyrim.esm","01B085","iddra"
"Skyrim.esm","01B086","kjeld"
"Skyrim.esm","01B087","kjeld_the_younger"
"Skyrim.esm","01B089","ganna_uriel"
"Skyrim.esm","01B08A","gemma_uriel"
"Skyrim.esm","01B08B","dravynea_the_stoneweaver"
"Skyrim.esm","01B08D","derkeethus"
"Skyrim.esm","01B08E","sondas_drenim"
"Skyrim.esm","01B08F","hrefna"
"Skyrim.esm","01B090","tormir"
"Skyrim.esm","01B092","annekke_crag-jumper"
"Skyrim.esm","01B093","verner_rock-chucker"
"Skyrim.esm","01B095","yatul"
"Skyrim.esm","01B096","urog"
"Skyrim.esm","01B097","bolar"
"Skyrim.esm","01B098","chief_mauhulakh"
"Skyrim.esm","01B099","dushnamub"
"Skyrim.esm","01B09B","gadba_gro-largash"
"Skyrim.esm","01B09C","mul_gro-largash"
"Skyrim.esm","01B115","nurelion"
"Skyrim.esm","01B116","quintus_navale"
"Skyrim.esm","01B117","brunwulf_free-winter"
"Skyrim.esm","01B118","elda_early-dawn"
"Skyrim.esm","01B119","adonato_leotelli"
"Skyrim.esm","01B11A","nils"
"Skyrim.esm","01B11B","susanna_the_wicked"
"Skyrim.esm","01B11C","niranye"
"Skyrim.esm","01B11D","calixto_corrium"
"Skyrim.esm","01B11E","helgird"
"Skyrim.esm","01B11F","jora"
"Skyrim.esm","01B120","lortheim"
"Skyrim.esm","01B121","aventus_aretino"
"Skyrim.esm","01B122","silda_the_unseen"
"Skyrim.esm","01B123","revyn_sadri"
"Skyrim.esm","01B124","aval_atheron"
"Skyrim.esm","01B125","faryl_atheron"
"Skyrim.esm","01B126","suvaris_atheron"
"Skyrim.esm","01B127","belyn_hlaalu"
"Skyrim.esm","01B128","ambarys_rendar"
"Skyrim.esm","01B129","malthyr_elenil"
"Skyrim.esm","01B12A","nilsine_shatter-shield"
"Skyrim.esm","01B12B","torbjorn_shatter-shield"
"Skyrim.esm","01B12C","tova_shatter-shield"
"Skyrim.esm","01B12D","grimvar_cruel-sea"
"Skyrim.esm","01B12E","hillevi_cruel-sea"
"Skyrim.esm","01B12F","idesa_sadri"
"Skyrim.esm","01B130","torsten_cruel-sea"
"Skyrim.esm","01B131","jarl_ulfric_stormcloak"
"Skyrim.esm","01B132","wuunferth_the_unliving"
"Skyrim.esm","01B133","galmar_stone-fist"
"Skyrim.esm","01B134","jorleif"
"Skyrim.esm","01B135","oengul_war-anvil"
"Skyrim.esm","01B136","hermir_strong-heart"
"Skyrim.esm","01B138","angrenor_once-honored"
"Skyrim.esm","01B13C","viola_giordano"
"Skyrim.esm","01B13D","orthus_endario"
"Skyrim.esm","01B13E","adelaisa_vendicci"
"Skyrim.esm","01B13F","neetrenaza"
"Skyrim.esm","01B140","scouts-many-marshes"
"Skyrim.esm","01B141","shahvee"
"Skyrim.esm","01B142","stands-in-shallows"
"Skyrim.esm","01B144","arivanya"
"Skyrim.esm","01B145","ulundil"
"Skyrim.esm","01BA06","telrav"
"Skyrim.esm","01BB8E","eola"
"Skyrim.esm","01BB8F","brother_verulus"
"Skyrim.esm","01BB97","hircine"
"Skyrim.esm","01BDE7","arnbjorn"
"Skyrim.esm","01BDE8","astrid"
"Skyrim.esm","01BDEB","gabriella"
"Skyrim.esm","01C18B","ranmir"
"Skyrim.esm","01C18C","birna"
"Skyrim.esm","01C18D","dagur"
"Skyrim.esm","01C18E","haran"
"Skyrim.esm","01C18F","eirid"
"Skyrim.esm","01C190","kraldar"
"Skyrim.esm","01C191","thonjolf"
"Skyrim.esm","01C192","malur_seloth"
"Skyrim.esm","01C1A1","tolfdir"
"Skyrim.esm","01C1A2","onmund"
"Skyrim.esm","01C1A3","j_zargo"
"Skyrim.esm","01C1A4","brelyna_maryon"
"Skyrim.esm","01C1A5","faralda"
"Skyrim.esm","01C1A6","drevis_neloren"
"Skyrim.esm","01C1A7","phinis_gestor"
"Skyrim.esm","01C1A8","colette_marence"
"Skyrim.esm","01C1A9","nirya"
"Skyrim.esm","01C1AA","enthir"
"Skyrim.esm","01C1AB","arniel_s_shade"
"Skyrim.esm","01C1B4","urag_gro-shub"
"Skyrim.esm","01C1B5","korir"
"Skyrim.esm","01C1B6","thaena"
"Skyrim.esm","01C1B7","assur"
"Skyrim.esm","01C1B8","savos_aren"
"Skyrim.esm","01C1B9","mirabelle_ervine"
"Skyrim.esm","01C1FC","gilfre"
"Skyrim.esm","01C23F","sergius_turrianus"
"Skyrim.esm","01C3AD","nazir"
"Skyrim.esm","01C3AE","veezara"
"Skyrim.esm","01C401","ulfr_the_blind"
"Skyrim.esm","01C4EA","sebastian_lort"
"Skyrim.esm","01C606","maurice_jondrelle"
"Skyrim.esm","01CB2B","ennis"
"Skyrim.esm","01CB2F","drunk_cultist"
"Skyrim.esm","01CB38","moira"
"Skyrim.esm","01D4BB","festus_krex"
"Skyrim.esm","01D4BC","babette"
"Skyrim.esm","01DA41","delvin_mallory"
"Skyrim.esm","01DC01","stig_salt-plank"
"Skyrim.esm","01E766","hamal"
"Skyrim.esm","01E7D6","nelacar"
"Skyrim.esm","01E7D8","ancano"
"Skyrim.esm","01E82D","fjotra"
"Skyrim.esm","01ED2F","gavros_plinius"
"Skyrim.esm","01F14D","ataf"
"Skyrim.esm","01F306","adara"
"Skyrim.esm","01F31B","uaile"
"Skyrim.esm","01F325","degaine"
"Skyrim.esm","01F593","movarth_piquine"
"Skyrim.esm","020020","player_friend"
"Skyrim.esm","020045","agnis"
"Skyrim.esm","020047","maluril"
"Skyrim.esm","02004A","ennodius_papius"
"Skyrim.esm","02005A","hadring"
"Skyrim.esm","020545","brynjolf"
"Skyrim.esm","0205C3","deekus"
"Skyrim.esm","0215F6","alik_r_prisoner"
"Skyrim.esm","021EA6","madesi"
"Skyrim.esm","0220BB","melka"
"Skyrim.esm","022651","mercer_frey"
"Skyrim.esm","02335A","lu_ah_al-skaven"
"Skyrim.esm","0240CE","silus_vesuius"
"Skyrim.esm","0240D8","drascua"
"Skyrim.esm","024280","erandur"
"Skyrim.esm","02516D","krev_the_skinner"
"Skyrim.esm","0263CD","senna"
"Skyrim.esm","026F13","julienne_lylvieve"
"Skyrim.esm","0274A1","laelette_the_vampire"
"Skyrim.esm","0277ED","bradyn"
"Skyrim.esm","0284AD","hogni_red-arm"
"Skyrim.esm","0285C7","merilar_rendas"
"Skyrim.esm","028938","vex"
"Skyrim.esm","0289C4","kolbjorn_guard"
"Skyrim.esm","028AD1","aranea_ienith"
"Skyrim.esm","028AD5","malyn_varen"
"Skyrim.esm","028AEA","azura"
"Skyrim.esm","028B03","kolbjorn_guard"
"Skyrim.esm","029970","adisla"
"Skyrim.esm","029971","tulvur"
"Skyrim.esm","029985","varnius_junius"
"Skyrim.esm","029C07","ulfgar_the_unending"
"Skyrim.esm","029C09","erlendr"
"Skyrim.esm","029C0C","hunroor"
"Skyrim.esm","029C1B","olaf_one-eye"
"Skyrim.esm","029D87","malkoran"
"Skyrim.esm","02A389","orthorn"
"Skyrim.esm","02ABC1","rissing"
"Skyrim.esm","02ABC5","eriana"
"Skyrim.esm","02ABC6","j_kier"
"Skyrim.esm","02ABC7","ra_kheran"
"Skyrim.esm","02AC6C","sheogorath"
"Skyrim.esm","02B237","bjornolfr"
"Skyrim.esm","02B99D","bashnag"
"Skyrim.esm","02BA30","drennen"
"Skyrim.esm","02BA33","watches-the-roots"
"Skyrim.esm","02BA3D","quaranir"
"Skyrim.esm","02BA8D","sabjorn"
"Skyrim.esm","02BA8F","mallus_maccius"
"Skyrim.esm","02BF9E","ralof"
"Skyrim.esm","02BFA2","hadvar"
"Skyrim.esm","02C486","captain_hargar"
"Skyrim.esm","02C81A","hjaalmarch_guard"
"Skyrim.esm","02C90F","brenuin"
"Skyrim.esm","02C927","severio_pelagia"
"Skyrim.esm","02C928","nimriel"
"Skyrim.esm","02C929","gloth"
"Skyrim.esm","02C931","gwendolyn"
"Skyrim.esm","02D23B","rigel_strong-arm"
"Skyrim.esm","02D4F2","septimus_signus"
"Skyrim.esm","02E1F3","sanguine"
"Skyrim.esm","02E3F1","fultheim_the_fearless"
"Skyrim.esm","02E3F2","alea_quintus"
"Skyrim.esm","02E3F3","vasha"
"Skyrim.esm","02EB59","gadnor"
"Skyrim.esm","030C9F","maximian_axius"
"Skyrim.esm","032D9F","sahloknir"
"Skyrim.esm","033F46","malborn"
"Skyrim.esm","034200","thorek"
"Skyrim.esm","034201","veren_duleri"
"Skyrim.esm","0347C6","sild_s_assistant"
"Skyrim.esm","034CC9","nerien"
"Skyrim.esm","034D98","estormo"
"Skyrim.esm","0350B8","erik"
"Skyrim.esm","0353BE","tsavani"
"Skyrim.esm","03550C","embry"
"Skyrim.esm","035534","hilde"
"Skyrim.esm","03725A","guardian_saerek"
"Skyrim.esm","037D81","arondil"
"Skyrim.esm","037D9B","torture_victim"
"Skyrim.esm","037DAB","torture_victim"
"Skyrim.esm","037E06","leonara_arius"
"Skyrim.esm","037E3C","unmid_snow-shod"
"Skyrim.esm","037F91","legate_skulnar"
"Skyrim.esm","037F92","thorygg_sun-killer"
"Skyrim.esm","037F93","istar_cairn-breaker"
"Skyrim.esm","038045","legate_fasendil"
"Skyrim.esm","038048","legate_sevan_telendas"
"Skyrim.esm","038258","commander_caius"
"Skyrim.esm","038288","fenrig"
"Skyrim.esm","03828A","ruki"
"Skyrim.esm","03888C","hrodulf"
"Skyrim.esm","038C6F","balagog_gro-nolob"
"Skyrim.esm","039251","tandil"
"Skyrim.esm","039655","arvel_the_swift"
"Skyrim.esm","03983F","gelebros"
"Skyrim.esm","039BE0","kornalus"
"Skyrim.esm","039C78","talvur"
"Skyrim.esm","039C8D","thorald_gray-mane"
"Skyrim.esm","039F24","gissur"
"Skyrim.esm","039F25","rulindil"
"Skyrim.esm","039FB7","courier"
"Skyrim.esm","03A198","valga_vinicia"
"Skyrim.esm","03A199","narri"
"Skyrim.esm","03A19B","zaria"
"Skyrim.esm","03A19F","lod"
"Skyrim.esm","03A1D6","etienne_rarnis"
"Skyrim.esm","03A97A","bolfrida_brandy-mug"
"Skyrim.esm","03B0F9","umana"
"Skyrim.esm","03B0FA","sulla_trebatius"
"Skyrim.esm","03B0FC","j_zhar"
"Skyrim.esm","03B43B","amaund_motierre"
"Skyrim.esm","03B5B8","medresi_dran"
"Skyrim.esm","03B81F","east_empire_dockmaster"
"Skyrim.esm","03BC27","chief_yamarz"
"Skyrim.esm","03BDE9","tilma_the_haggard"
"Skyrim.esm","03BE26","maul"
"Skyrim.esm","03C57D","paarthurnax"
"Skyrim.esm","03D726","fjori"
"Skyrim.esm","03D727","holgeir"
"Skyrim.esm","03E8AC","frofnir_trollsbane"
"Skyrim.esm","03EFED","rolff_stone-fist"
"Skyrim.esm","03F220","kibell"
"Skyrim.esm","040400","afflicted"
"Skyrim.esm","040413","afflicted"
"Skyrim.esm","04043D","afflicted"
"Skyrim.esm","0411B9","valdr"
"Skyrim.esm","0411CD","ari"
"Skyrim.esm","0411CE","niels"
"Skyrim.esm","041856","kematu"
"Skyrim.esm","041FB9","captain_aldis"
"Skyrim.esm","0427A5","naris_the_wicked"
"Skyrim.esm","0430B5","fjola"
"Skyrim.esm","043BAC","trius"
"Skyrim.esm","043D20","roadside_guard"
"Skyrim.esm","044051","gaius_maro"
"Skyrim.esm","0443F2","anska"
"Skyrim.esm","044A8D","edda"
"Skyrim.esm","044A8E","snilf"
"Skyrim.esm","045921","odahviing"
"Skyrim.esm","045F8E","orchendor"
"Skyrim.esm","046E87","black-briar_mercenary"
"Skyrim.esm","047CB2","luaffyn"
"Skyrim.esm","048119","mani"
"Skyrim.esm","04811A","sudi"
"Skyrim.esm","04811C","ramati"
"Skyrim.esm","049523","niruin"
"Skyrim.esm","049535","vipir_the_fleet"
"Skyrim.esm","04B22E","illia"
"Skyrim.esm","04B47C","silvia"
"Skyrim.esm","04B4AA","stalleo"
"Skyrim.esm","04B4AC","stalleo_s_bodyguard"
"Skyrim.esm","04B4AD","stalleo_s_bodyguard"
"Skyrim.esm","04BCC4","gianna"
"Skyrim.esm","04BCC5","commander_maro"
"Skyrim.esm","04BCCB","emperor_titus_mede_ii"
"Skyrim.esm","04D247","the_caller"
"Skyrim.esm","04D6CF","arcturus"
"Skyrim.esm","04E0B3","grelka"
"Skyrim.esm","04E1CB","imperial_soldier"
"Skyrim.esm","04E1CF","imperial_soldier"
"Skyrim.esm","04E1D9","imperial_soldier"
"Skyrim.esm","04E1DB","imperial_soldier"
"Skyrim.esm","04E4E0","meridia"
"Skyrim.esm","04E5EA","thadgeir"
"Skyrim.esm","04F829","tsun"
"Skyrim.esm","04FA39","emperor_titus_mede_ii"
"Skyrim.esm","05224C","grown-up_urchin"
"Skyrim.esm","05226A","alding"
"Skyrim.esm","05226B","irlof"
"Skyrim.esm","05226C","gjuk"
"Skyrim.esm","0522A4","afflicted"
"Skyrim.esm","05235A","afflicted"
"Skyrim.esm","0523A9","afflicted"
"Skyrim.esm","052535","barbas"
"Skyrim.esm","053447","haldyn"
"Skyrim.esm","055A63","moth_gro-bagol"
"Skyrim.esm","055BEF","lone_adventurer"
"Skyrim.esm","056555","breya"
"Skyrim.esm","0585FC","briehl"
"Skyrim.esm","058F1A","karliah"
"Skyrim.esm","05A6CA","mirmulnir"
"Skyrim.esm","05A813","domnamagia"
"Skyrim.esm","05A932","noblewoman"
"Skyrim.esm","05B683","chief_larak"
"Skyrim.esm","05B685","sharamph"
"Skyrim.esm","05B686","olur"
"Skyrim.esm","05B687","shuftharz"
"Skyrim.esm","05B688","borgakh_the_steel_heart"
"Skyrim.esm","05B689","bagrak"
"Skyrim.esm","05B824","vighar"
"Skyrim.esm","05BF2C","rexus"
"Skyrim.esm","05CA41","reach_hold_guard"
"Skyrim.esm","05CEEC","imperial_soldier"
"Skyrim.esm","05CEEE","imperial_soldier"
"Skyrim.esm","060B2A","alexia_vici"
"Skyrim.esm","061D4C","kaie"
"Skyrim.esm","0622E7","atar"
"Skyrim.esm","062864","king_olaf_one-eye"
"Skyrim.esm","0642C0","halldir"
"Skyrim.esm","0643B9","yag_gra-gortwog"
"Skyrim.esm","0649CB","dead_imperial_woman"
"Skyrim.esm","064EAF","isabelle_rolaine"
"Skyrim.esm","0654F7","female_imperial_captain"
"Skyrim.esm","0654FB","lokir"
"Skyrim.esm","0656E2","erik_the_slayer"
"Skyrim.esm","065AB2","gwilin"
"Skyrim.esm","065AB3","temba_wide-arm"
"Skyrim.esm","0661AE","adeber"
"Skyrim.esm","0661B0","willem"
"Skyrim.esm","066262","leontius_salvius"
"Skyrim.esm","0681A3","ghost_of_old_hroldan"
"Skyrim.esm","0683A7","razelan"
"Skyrim.esm","069F39","brelas"
"Skyrim.esm","06C1B8","sinding"
"Skyrim.esm","06F120","selveni_nethri"
"Skyrim.esm","0721DF","wyndelius_gatharian"
"Skyrim.esm","072667","delacourt"
"Skyrim.esm","072B09","vald"
"Skyrim.esm","07433F","khayla"
"Skyrim.esm","074340","ri_saad"
"Skyrim.esm","074341","atahbah"
"Skyrim.esm","074342","ra_zhinda"
"Skyrim.esm","074344","ma_jhad"
"Skyrim.esm","074345","ma_dran"
"Skyrim.esm","074347","dro_marash"
"Skyrim.esm","074348","zaynabi"
"Skyrim.esm","07434A","ahkari"
"Skyrim.esm","07443C","deceased_refugee"
"Skyrim.esm","07491C","kvenel_the_tongue"
"Skyrim.esm","077C60","petra"
"Skyrim.esm","077D5F","legate_constantius_tituleius"
"Skyrim.esm","077DD6","kottir_red-shoal"
"Skyrim.esm","077DDB","gonnar_oath-giver"
"Skyrim.esm","077DDF","legate_adventus_caesennius"
"Skyrim.esm","077E08","yrsarald_thrice-pierced"
"Skyrim.esm","077E16","kai_wet-pommel"
"Skyrim.esm","0799E5","rhorlak"
"Skyrim.esm","07B703","firir"
"Skyrim.esm","07D41B","paratus_decimius"
"Skyrim.esm","07D67A","linwe"
"Skyrim.esm","07E5B7","captain_valmir"
"Skyrim.esm","07E5ED","east_empire_dockworker"
"Skyrim.esm","07E5EE","east_empire_dockworker"
"Skyrim.esm","07E5EF","snorreid"
"Skyrim.esm","07EAC5","vulthuryol"
"Skyrim.esm","080B20","hajvarr_iron-hand"
"Skyrim.esm","081395","larina"
"Skyrim.esm","0813BA","sinmir"
"Skyrim.esm","0834FF","champion_of_boethiah"
"Skyrim.esm","083B18","agrius"
"Skyrim.esm","0846B7","thomas"
"Skyrim.esm","0861A1","daynas_valen"
"Skyrim.esm","08767A","otar_the_mad"
"Skyrim.esm","0876DB","gjak"
"Skyrim.esm","0876DD","bodil"
"Skyrim.esm","087750","abelone"
"Skyrim.esm","0877B0","edith"
"Skyrim.esm","0877B3","borgny"
"Skyrim.esm","08798F","namira"
"Skyrim.esm","0886B3","arngeir"
"Skyrim.esm","0886B4","borri"
"Skyrim.esm","0886B5","einarth"
"Skyrim.esm","0886B6","wulfgar"
"Skyrim.esm","08998C","kesh_the_clean"
"Skyrim.esm","08AD97","heddic_volunnar"
"Skyrim.esm","08CE78","valdar"
"Skyrim.esm","08E75D","imperial_soldier"
"Skyrim.esm","08E8FA","staubin"
"Skyrim.esm","090657","imperial_soldier"
"Skyrim.esm","09073E","christer"
"Skyrim.esm","090A60","imperial_soldier"
"Skyrim.esm","090A88","imperial_soldier"
"Skyrim.esm","090CE9","aspect_of_hircine"
"Skyrim.esm","091918","uthgerd_the_unbroken"
"Skyrim.esm","093844","stromm"
"Skyrim.esm","093857","erj"
"Skyrim.esm","094002","knjakr"
"Skyrim.esm","09400F","hefid_the_deaf"
"Skyrim.esm","094014","salvianus"
"Skyrim.esm","09424A","guthrum"
"Skyrim.esm","0955BB","hoddreid"
"Skyrim.esm","0955BC","ma_tasarr"
"Skyrim.esm","0955BD","heratar"
"Skyrim.esm","0955C0","batum_gra-bar"
"Skyrim.esm","095684","tsrasuna"
"Skyrim.esm","0956AB","torkild_the_fearsome"
"Skyrim.esm","095FDE","drahff"
"Skyrim.esm","096002","hewnon_black-skeever"
"Skyrim.esm","096FFD","jurgen_windcaller"
"Skyrim.esm","096FFE","hero_of_sovngarde"
"Skyrim.esm","09725B","nervous_patron"
"Skyrim.esm","09725D","visiting_noble"
"Skyrim.esm","0977FC","agent_sanyon"
"Skyrim.esm","097E1F","frost"
"Skyrim.esm","098BD2","ysgramor"
"Skyrim.esm","09A7A9","banning"
"Skyrim.esm","09A7AB","vigilance"
"Skyrim.esm","09B286","pelagius_the_suspicious"
"Skyrim.esm","09B7B1","thaer"
"Skyrim.esm","09B7B4","sigaar"
"Skyrim.esm","09B7C8","alfarinn"
"Skyrim.esm","09BB46","nimphaneth"
"Skyrim.esm","09BB48","sanyon"
"Skyrim.esm","09BCB0","cicero"
"Skyrim.esm","09C8A9","margret"
"Skyrim.esm","09C8AB","weylin"
"Skyrim.esm","09CCD7","shadowmere"
"Skyrim.esm","09CCDA","wilmuth"
"Skyrim.esm","09D760","deceased_dark_brotherhood_assassin"
"Skyrim.esm","09DA25","ritual_master"
"Skyrim.esm","09DCD2","wary_outlaw"
"Skyrim.esm","09DCD3","big_laborer"
"Skyrim.esm","09F82C","pelagius_the_tormented"
"Skyrim.esm","09F837","sultry_maiden"
"Skyrim.esm","09F838","little_pelagius"
"Skyrim.esm","0A02FE","northwatch_interrogator"
"Skyrim.esm","0A030F","corrupt_agent"
"Skyrim.esm","0A0310","itinerant_lumberjack"
"Skyrim.esm","0A0313","scheming_servant"
"Skyrim.esm","0A0315","reckless_mage"
"Skyrim.esm","0A0316","desperate_gambler"
"Skyrim.esm","0A0317","seasoned_hunter"
"Skyrim.esm","0A0318","blasphemous_priest"
"Skyrim.esm","0A0319","poor_fishwife"
"Skyrim.esm","0A031A","dishonored_skald"
"Skyrim.esm","0A031B","grim_shieldmaiden"
"Skyrim.esm","0A031C","indolent_farmer"
"Skyrim.esm","0A031D","traveling_dignitary"
"Skyrim.esm","0A031E","griefstricken_chef"
"Skyrim.esm","0A031F","coldhearted_gravedigger"
"Skyrim.esm","0A0320","unemployed_laborer"
"Skyrim.esm","0A0321","beautiful_barbarian"
"Skyrim.esm","0A05D1","captain_lonely-gale"
"Skyrim.esm","0A05D2","sifnar_ironkettle"
"Skyrim.esm","0A17A4","safia"
"Skyrim.esm","0A17A5","voldsea_giryon"
"Skyrim.esm","0A17A6","sabine_nytte"
"Skyrim.esm","0A17A7","dalan_merchad"
"Skyrim.esm","0A17A8","ravam_verethi"
"Skyrim.esm","0A17A9","kjar"
"Skyrim.esm","0A17AB","captain_wayfinder"
"Skyrim.esm","0A2C92","argis_the_bulwark"
"Skyrim.esm","0A2C93","iona"
"Skyrim.esm","0A2C94","lydia"
"Skyrim.esm","0A2C95","jordis_the_sword-maiden"
"Skyrim.esm","0A2C96","calder"
"Skyrim.esm","0A3BDC","roggvir"
"Skyrim.esm","0A3E22","shavari"
"Skyrim.esm","0A5E68","sigdis_gauldurson"
"Skyrim.esm","0A733C","vigilant_tyranus"
"Skyrim.esm","0A7360","golldir"
"Skyrim.esm","0A737F","agna"
"Skyrim.esm","0A95EC","molag_bal"
"Skyrim.esm","0A96A0","sam_guevenne"
"Skyrim.esm","0A9F98","valie"
"Skyrim.esm","0A9F99","j_darr"
"Skyrim.esm","0AAF96","gunnar_stone-eye"
"Skyrim.esm","0AAF97","torolf"
"Skyrim.esm","0AAF99","matlara"
"Skyrim.esm","0AAF9A","ingrid"
"Skyrim.esm","0AAF9B","vilod"
"Skyrim.esm","0AB190","companion_ghost"
"Skyrim.esm","0AC279","rahd"
"Skyrim.esm","0AC9D7","syndus"
"Skyrim.esm","0AC9E8","herluin_lothaire"
"Skyrim.esm","0AC9E9","arnskar_ember-master"
"Skyrim.esm","0AC9EA","vanryth_gatharian"
"Skyrim.esm","0AE32B","sild_the_warlock"
"Skyrim.esm","0AE778","thorgar"
"Skyrim.esm","0AE77A","badnir"
"Skyrim.esm","0AE77C","gunding"
"Skyrim.esm","0AE77F","angvid"
"Skyrim.esm","0AF525","dorian"
"Skyrim.esm","0AF526","eris"
"Skyrim.esm","0AF529","xander"
"Skyrim.esm","0AFB94","companion_ghost"
"Skyrim.esm","0AFBA1","companion_ghost"
"Skyrim.esm","0B28AB","raen"
"Skyrim.esm","0B28AC","vidgrod"
"Skyrim.esm","0B2978","eimar"
"Skyrim.esm","0B3C82","azzadal"
"Skyrim.esm","0B4084","garthar"
"Skyrim.esm","0B4085","ravyn_imyan"
"Skyrim.esm","0B79BA","torturer"
"Skyrim.esm","0B7EC0","torturer_s_assistant"
"Skyrim.esm","0B882A","tonilia"
"Skyrim.esm","0B8D3D","velehk_sain"
"Skyrim.esm","0B9984","vorstag"
"Skyrim.esm","0B9986","marcurio"
"Skyrim.esm","0B9988","belrand"
"Skyrim.esm","0B998C","stenvar"
"Skyrim.esm","0BA0CB","m_aiq_the_liar"
"Skyrim.esm","0BA2A9","riften_guard_jailor"
"Skyrim.esm","0BB33C","synda_llanith"
"Skyrim.esm","0BBB44","lieutenant_salvarus"
"Skyrim.esm","0BBDBF","atmah"
"Skyrim.esm","0BBDC0","elvali_veren"
"Skyrim.esm","0BBDC1","girduin"
"Skyrim.esm","0BBDC2","hafnar_ice-fist"
"Skyrim.esm","0BBDC3","takes-in-light"
"Skyrim.esm","0BC07A","barknar"
"Skyrim.esm","0BC07E","karita"
"Skyrim.esm","0BECEC","hjornskar_head-smasher"
"Skyrim.esm","0C029E","haming"
"Skyrim.esm","0C084D","krag"
"Skyrim.esm","0C14B3","red_eagle"
"Skyrim.esm","0C19A5","sapphire"
"Skyrim.esm","0C1A9C","northwatch_prisoner"
"Skyrim.esm","0C1AA0","northwatch_prisoner"
"Skyrim.esm","0C1AA4","northwatch_prisoner"
"Skyrim.esm","0C2871","leifnarr"
"Skyrim.esm","0C370B","alethius"
"Skyrim.esm","0C3A46","sylgja"
"Skyrim.esm","0C3B2B","keeper_carcette"
"Skyrim.esm","0C603C","captain_avidius"
"Skyrim.esm","0C78BF","mahk"
"Skyrim.esm","0C78C1","dulug"
"Skyrim.esm","0C78C3","ghak"
"Skyrim.esm","0C78CB","gul"
"Skyrim.esm","0C78CD","ghamorz"
"Skyrim.esm","0C78E0","mogdurz"
"Skyrim.esm","0C78E2","bor"
"Skyrim.esm","0C8225","ma_randru-jo"
"Skyrim.esm","0CAB2E","angi"
"Skyrim.esm","0CC5A1","brand-shei"
"Skyrim.esm","0CD099","yar_gro-gatuk"
"Skyrim.esm","0CD09C","ahjisi"
"Skyrim.esm","0CD92D","kharjo"
"Skyrim.esm","0CD9F8","gormlaith_golden-hilt"
"Skyrim.esm","0CDA05","felldir_the_old"
"Skyrim.esm","0CDA06","hakon_one-eye"
"Skyrim.esm","0CDD73","sigurd"
"Skyrim.esm","0D001B","eisa_blackthorn"
"Skyrim.esm","0D15B0","ulfberth_war-bear"
"Skyrim.esm","0D16E1","gerda"
"Skyrim.esm","0D16E2","fianna"
"Skyrim.esm","0D2AFF","alain_dufont"
"Skyrim.esm","0D37B8","ra_jirr"
"Skyrim.esm","0D37D0","kyr"
"Skyrim.esm","0D3E7A","acolyte_jenssen"
"Skyrim.esm","0D4FDA","cynric_endell"
"Skyrim.esm","0D4FDD","thrynn"
"Skyrim.esm","0D4FE0","rune"
"Skyrim.esm","0D4FFA","rundi"
"Skyrim.esm","0D5048","borvir"
"Skyrim.esm","0D5637","lodi"
"Skyrim.esm","0D5693","imperial_soldier"
"Skyrim.esm","0D56C3","imperial_soldier"
"Skyrim.esm","0D56D7","imperial_soldier"
"Skyrim.esm","0D6702","cairine"
"Skyrim.esm","0D6704","garvey"
"Skyrim.esm","0D6713","dryston"
"Skyrim.esm","0D671A","morven"
"Skyrim.esm","0D671B","tynan"
"Skyrim.esm","0D673D","donnel"
"Skyrim.esm","0D6AD9","aquillius_aeresius"
"Skyrim.esm","0D74F7","wounded_soldier"
"Skyrim.esm","0D74FB","sickly_farmer"
"Skyrim.esm","0D7505","saadia"
"Skyrim.esm","0D95EA","meeko"
"Skyrim.esm","0DB28B","fultheim"
"Skyrim.esm","0DD99D","agent_lorcalin"
"Skyrim.esm","0DDF87","anise"
"Skyrim.esm","0DEBF6","lund"
"Skyrim.esm","0DFA75","drelas"
"Skyrim.esm","0E1AA0","ulag"
"Skyrim.esm","0E1BA9","jenassa"
"Skyrim.esm","0E1E93","imperial_soldier"
"Skyrim.esm","0E3170","uglarz"
"Skyrim.esm","0E4919","imperial_soldier"
"Skyrim.esm","0E491E","imperial_soldier"
"Skyrim.esm","0E5F36","first_mate"
"Skyrim.esm","0E63D7","japhet"
"Skyrim.esm","0E6D5B","imperial_soldier"
"Skyrim.esm","0E72B9","imperial_soldier"
"Skyrim.esm","0E77F7","imperial_soldier"
"Skyrim.esm","0E77FB","imperial_soldier"
"Skyrim.esm","0E799C","baral_sendu"
"Skyrim.esm","0E98B6","sanctuary_guardian"
"Skyrim.esm","0EA26D","vaermina"
"Skyrim.esm","0EA579","torygg"
"Skyrim.esm","0EA57D","svaknir"
"Skyrim.esm","0ECEDB","gauldur"
"Skyrim.esm","0ECF81","lucky_lorenz"
"Skyrim.esm","0EF617","ilas-tei"
"Skyrim.esm","0F03F2","endrast"
"Skyrim.esm","0F23B9","gaston_bellefort"
"Skyrim.esm","0F3E70","imperial_soldier"
"Skyrim.esm","0F3E73","imperial_soldier"
"Skyrim.esm","0F3E74","imperial_soldier"
"Skyrim.esm","0F4927","enthralled_wizard"
"Skyrim.esm","0F496F","enthralled_wizard"
"Skyrim.esm","0F8A48","krosis"
"Skyrim.esm","0F94A8","imperial_soldier"
"Skyrim.esm","0F94AD","imperial_soldier"
"Skyrim.esm","0FC199","affable_gent"
"Skyrim.esm","0FDBAF","vuljotnaak"
"Skyrim.esm","0FDBB1","viinturuth"
"Skyrim.esm","0FE431","nahagliiv"
"Skyrim.esm","0FE532","legate_hrollod"
"Skyrim.esm","0FE54B","bouncer"
"Skyrim.esm","0FF130","companion_ghost"
"Skyrim.esm","0FF131","companion_ghost"
"Skyrim.esm","0FF133","companion_ghost"
"Skyrim.esm","0FF225","anders"
"Skyrim.esm","1027DB","bendt"
"Skyrim.esm","105EE3","imperial_soldier"
"Skyrim.esm","106B85","imperial_soldier"
"Skyrim.esm","108D7C","augur_of_dunlain"
"Skyrim.esm","10A050","hamelyn"
"Skyrim.esm","10A063","gian_the_fist"
"Skyrim.esm","10E2B6","lillith_maiden-loom"
"Skyrim.esm","1A8B7F","henrik"
"SofiaFollower.esp","001827","sofia"
"TheGiftofSaturalia.esp","0009CB","diane"
"Vigilant.esm","049966","winch_the_handy"
"WheelsOfLull.esp","04379D","medeliu_hammar"
"WheelsOfLull.esp","05D31A","minute_avarii"
"WheelsOfLull.esp","062685","century_numinar"
"WheelsOfLull.esp","07BCAB","millisecond_llavados"
"Winterhold Restored.esp","2EACEB","hervor"
"Winterhold Restored.esp","2EACEC","volundr"
"Winterhold Restored.esp","2EACED","heime"
"Winterhold Restored.esp","2F5084","freyr"
"Winterhold Restored.esp","2F5085","gerdr"
"Winterhold Restored.esp","2F5086","fjolnir"
"Winterhold Restored.esp","30E652","beyla"
"Winterhold Restored.esp","30E653","byggvir"
"Winterhold Restored.esp","3188FD","njordr"
"Winterhold Restored.esp","3188FE","skadi"
"Winterhold Restored.esp","3188FF","gullveig"
"Winterhold Restored.esp","33792A","mimir"
"Winterhold Restored.esp","33CAD8","nott"
"Winterhold Restored.esp","33CAD9","dellingr"
"Winterhold Restored.esp","341D33","captain_hodr"
"Winterhold Restored.esp","341D34","captain_hodr"
"Winterhold Restored.esp","34BFE7","fulla"
"Winterhold Restored.esp","3D0037","sleipnir"
"Winterhold Restored.esp","3DA256","hrimfaxi"
"Winterhold Restored.esp","3E4474","winterhold_jailer"
"Winterhold Restored.esp","64C08B","freyja"
"Winterhold Restored.esp","6DEF2F","vithar"
"Winterhold Restored.esp","9A6485","jormungandr"
"Winterhold Restored.esp","A7AF1C","laxmi"
"Winterhold Restored.esp","CA2DA3","freki"
"Winterhold Restored.esp","DBE6D6","fenrir"
"Winterhold Restored.esp","DCC567","vali"
"Winterhold Restored.esp","FF0DD8","hel"
"Winterhold Restored.esp","FF0DDA","ullr"
"Winterhold Restored.esp","FF0DDE","ganglati"
"Winterhold Restored.esp","FF0DDF","ganglot"
"Winterhold Restored.esp","FF0DE0","surtr"
"alternate start - live another life.esp","0370FE","shady_sam"
"ccBGSSSE001-Fish.esm","000906","viriya"
"ccBGSSSE001-Fish.esm","00091C","swims-in-deep-water"
"ccBGSSSE001-Fish.esm","000B33","brutius"
"ccBGSSSE001-Fish.esm","000C64","lynea"
"ccasvsse001-almsivi.esm","001156","curate_melita"
"ccasvsse001-almsivi.esm","0CBB31","erden_relvel"
"ccedhsse003-redguard.esl","000826","fijeh"
"ccedhsse003-redguard.esl","000827","remnant_warrior"
"ccedhsse003-redguard.esl","000828","sirayar"
"ccedhsse003-redguard.esl","000829","remnant_warrior"
"ccedhsse003-redguard.esl","000833","remnant_warrior"
"ccedhsse003-redguard.esl","000835","josla"
"ccedhsse003-redguard.esl","000837","azadi"
"ccedhsse003-redguard.esl","000854","rakeed"
"cceejsse005-cave.esm","0B7B11","galtius"
"cceejsse005-cave.esm","0B7B12","marina"
"cceejsse005-cave.esm","0B7B15","igrit"
"cceejsse005-cave.esm","0B7B1B","durian"
"cceejsse005-cave.esm","0B7B1C","verin"
"cceejsse005-cave.esm","0B7B1F","leyathil"
"cceejsse005-cave.esm","0B7B28","bloodchill_manor_waiter"
"ccmtysse002-ve.esl","000934","harald"
"ccvsvsse002-pets.esl","00085C","vampire_naturalist"
"ccvsvsse004-beafarmer.esl","000939","jonquil"
"cutting room floor.esp","000328","froa"
"cutting room floor.esp","0099F7","steirod"
"cutting room floor.esp","0099F8","trilf"
"cutting room floor.esp","0238CE","iddli_iron-blood"
"cutting room floor.esp","0238CF","signar_iron-blood"
"cutting room floor.esp","02EDA4","traillus"
"cutting room floor.esp","02EE4B","fathenda"
"cutting room floor.esp","02EEBE","jens"
"cutting room floor.esp","02EF5F","heigen"
"cutting room floor.esp","031037","aleuc"
"cutting room floor.esp","1A8B86","rogen"
"cutting room floor.esp","1B7FB5","deminia"
"fantasystylefollowers.esp","000D76","hela"
"fantasystylefollowers.esp","000D77","alicia"
"fantasystylefollowers.esp","0012D0","cecilia"
"fantasystylefollowers.esp","001839","sylphid"
"fantasystylefollowers.esp","002313","princess_sistina"
"fantasystylefollowers.esp","003331","misty"
"fantasystylefollowers.esp","004E16","miranda"
"fantasystylefollowers.esp","004E19","ahraein"
"fantasystylefollowers.esp","0058F0","tina"
"fantasystylefollowers.esp","010CFB","jessica"
"fantasystylefollowers.esp","010CFC","janne"
"fantasystylefollowers.esp","019242","lion"
"fantasystylefollowers.esp","019249","jaina"
"fantasystylefollowers.esp","01925E","alice"
"fantasystylefollowers.esp","019277","kiahrah"
"fantasystylefollowers.esp","0192A2","lilia"
"fantasystylefollowers.esp","0192A6","brynhildr"
"fantasystylefollowers.esp","01B317","white"
"k101Daegon.esp","005902","daegon"
"k404Koemia.esp","038388","koemia"
"ksws04_quest.esp","000807","nirenoore"
"lwbWitch.esp","047680","taeka"
"raeza.esp","03169E","raeza"
"snow elf waifu.esp","000859","snow_elf_woman"
